,yr,mo,date,st,mag,slat,slon
57000,2015,4,2015-04-07,IN,1,38.19,-86.61
57001,2015,4,2015-04-07,KY,0,37.66,-84.29
57002,2015,4,2015-04-07,KY,1,37.66,-84.18
57003,2015,4,2015-04-07,KS,0,37.47,-95.62
57004,2015,4,2015-04-07,MO,0,38.24,-94.51
57005,2015,4,2015-04-07,KS,0,37.34,-95.59
57006,2015,4,2015-04-08,MO,1,37.94,-90.8
57007,2015,4,2015-04-08,KS,0,37.12,-99.17
57008,2015,4,2015-04-08,KS,0,37.19,-98.95
57009,2015,4,2015-04-08,KS,0,37.26,-98.8
57010,2015,4,2015-04-08,KS,0,37.71,-97.69
57011,2015,4,2015-04-08,KS,0,37.74,-98.18
57012,2015,4,2015-04-08,OK,0,35.65,-99.31
57013,2015,4,2015-04-09,IL,0,40.87,-89.62
57014,2015,4,2015-04-09,IA,1,41.64,-90.9
57015,2015,4,2015-04-09,MI,0,42.06,-84.5
57016,2015,4,2015-04-09,IA,1,41.76,-90.62
57017,2015,4,2015-04-09,IL,1,41.92,-90.08
57018,2015,4,2015-04-09,IL,0,42.19,-88.95
57019,2015,4,2015-04-09,TX,2,32.09,-95.23
57020,2015,4,2015-04-09,IL,4,41.85,-89.29
57021,2015,4,2015-04-09,IL,0,42.06,-88.98
57022,2015,4,2015-04-09,TX,1,32.52,-94.73
57023,2015,4,2015-04-09,IL,1,42.13,-88.88
57024,2015,4,2015-04-09,TX,1,32.55,-94.67
57025,2015,4,2015-04-09,IL,0,42.2,-88.85
57026,2015,4,2015-04-09,IL,1,42.19,-88.77
57027,2015,4,2015-04-09,IL,0,39.55,-89.44
57028,2015,4,2015-04-09,IL,1,42.4,-88.53
57029,2015,4,2015-04-09,OK,0,35.68,-99.24
57030,2015,4,2015-04-09,MO,0,37.53,-89.81
57031,2015,4,2015-04-09,MO,0,37.38,-89.72
57032,2015,4,2015-04-11,TX,0,35.54,-101.69
57033,2015,4,2015-04-11,KS,0,37.33,-101.44
57034,2015,4,2015-04-12,KS,0,39.82,-98.78
57035,2015,4,2015-04-12,KS,0,37.37,-98.42
57036,2015,4,2015-04-13,TX,2,33.16,-95.07
57037,2015,4,2015-04-13,MS,0,32.13,-90.38
57038,2015,4,2015-04-13,MS,1,32.51,-89.59
57039,2015,4,2015-04-13,MS,0,32.59,-89.46
57040,2015,4,2015-04-14,OR,0,44.01,-123.03
57041,2015,4,2015-04-16,TX,0,28.31,-97.32
57042,2015,4,2015-04-16,TX,0,28.35,-97.15
57043,2015,4,2015-04-16,TX,0,28.43,-96.9
57044,2015,4,2015-04-16,TX,0,35.22,-101.34
57045,2015,4,2015-04-16,TX,0,35.24,-101.01
57046,2015,4,2015-04-16,TX,0,35.65,-100.23
57047,2015,4,2015-04-16,TX,0,35.62,-100.67
57048,2015,4,2015-04-16,KS,0,38.15,-101.73
57049,2015,4,2015-04-16,TX,0,35.36,-100.63
57050,2015,4,2015-04-16,TX,0,35.59,-100.21
57051,2015,4,2015-04-16,KS,0,38.19,-101.71
57052,2015,4,2015-04-16,OK,0,35.21,-99.77
57053,2015,4,2015-04-17,CO,0,40.11,-102.74
57054,2015,4,2015-04-17,KS,0,38.2,-100.4
57055,2015,4,2015-04-17,CO,0,40.34,-102.53
57056,2015,4,2015-04-17,KS,0,39.17,-101.5
57057,2015,4,2015-04-18,CO,0,40.09,-102.88
57058,2015,4,2015-04-18,OK,1,36.55,-98.58
57059,2015,4,2015-04-18,MS,0,31.86,-89.72
57060,2015,4,2015-04-18,TX,0,32.51,-97.81
57061,2015,4,2015-04-19,LA,1,30.84,-93.29
57062,2015,4,2015-04-19,AL,1,32.16,-85.63
57063,2015,4,2015-04-19,FL,0,30.48,-86.03
57064,2015,4,2015-04-19,FL,0,30.49,-85.95
57065,2015,4,2015-04-19,AL,0,34.18,-85.78
57066,2015,4,2015-04-19,AL,1,32.13,-85.23
57067,2015,4,2015-04-19,AL,1,31.51,-85.31
57068,2015,4,2015-04-19,AL,1,32.27,-85.0
57069,2015,4,2015-04-19,FL,1,30.98,-85.41
57070,2015,4,2015-04-19,GA,1,31.96,-84.17
57071,2015,4,2015-04-19,FL,1,30.5,-84.31
57072,2015,4,2015-04-19,GA,1,32.41,-83.13
57073,2015,4,2015-04-19,GA,0,31.51,-82.96
57074,2015,4,2015-04-19,GA,2,33.22,-81.95
57075,2015,4,2015-04-19,SC,2,33.48,-81.76
57076,2015,4,2015-04-19,SC,0,33.79,-81.86
57077,2015,4,2015-04-19,FL,1,30.12,-83.18
57078,2015,4,2015-04-19,SC,1,34.02,-81.36
57079,2015,4,2015-04-19,SC,1,33.7,-80.93
57080,2015,4,2015-04-19,SC,0,34.14,-80.12
57081,2015,4,2015-04-19,AR,1,35.22,-92.69
57082,2015,4,2015-04-19,OH,0,39.67,-84.12
57083,2015,4,2015-04-20,AL,0,34.87,-86.83
57084,2015,4,2015-04-20,FL,1,29.06,-82.27
57085,2015,4,2015-04-20,PA,0,40.79,-77.68
57086,2015,4,2015-04-21,CA,0,33.8,-115.4
57087,2015,4,2015-04-22,TX,0,32.54,-100.68
57088,2015,4,2015-04-22,TX,0,32.52,-100.66
57089,2015,4,2015-04-22,TX,0,34.14,-101.56
57090,2015,4,2015-04-22,TX,0,33.48,-99.89
57091,2015,4,2015-04-23,FL,0,26.75,-80.7
57092,2015,4,2015-04-23,CO,1,40.82,-102.47
57093,2015,4,2015-04-23,HI,0,21.32,-158.05
57094,2015,4,2015-04-24,TX,1,30.66,-94.01
57095,2015,4,2015-04-24,TX,0,30.58,-93.79
57096,2015,4,2015-04-24,LA,1,30.56,-93.73
57097,2015,4,2015-04-24,TX,1,31.99,-99.78
57098,2015,4,2015-04-24,LA,0,30.07,-91.28
57099,2015,4,2015-04-24,KS,0,39.02,-99.17
57100,2015,4,2015-04-24,KS,0,39.02,-99.11
57101,2015,4,2015-04-24,KS,0,39.02,-99.11
57102,2015,4,2015-04-24,KS,0,38.35,-101.2
57103,2015,4,2015-04-24,KS,0,39.07,-98.97
57104,2015,4,2015-04-24,KS,0,38.31,-101.12
57105,2015,4,2015-04-24,KS,0,38.39,-101.06
57106,2015,4,2015-04-24,KS,0,38.44,-100.98
57107,2015,4,2015-04-24,TX,0,32.64,-97.58
57108,2015,4,2015-04-24,KS,1,39.01,-98.4
57109,2015,4,2015-04-24,TX,0,32.45,-96.96
57110,2015,4,2015-04-24,TX,0,28.64,-99.87
57111,2015,4,2015-04-24,TX,1,32.7,-95.09
57112,2015,4,2015-04-24,TX,1,33.1,-94.46
57113,2015,4,2015-04-24,LA,1,32.93,-93.02
57114,2015,4,2015-04-24,LA,1,32.86,-91.92
57115,2015,4,2015-04-25,MS,1,32.61,-89.95
57116,2015,4,2015-04-25,MS,1,32.65,-89.66
57117,2015,4,2015-04-25,MS,0,32.68,-89.64
57118,2015,4,2015-04-25,MS,1,32.69,-89.53
57119,2015,4,2015-04-25,MS,1,32.65,-89.12
57120,2015,4,2015-04-25,MS,0,32.74,-88.86
57121,2015,4,2015-04-25,FL,1,30.29,-81.66
57122,2015,4,2015-04-25,KY,0,37.68,-87.69
57123,2015,4,2015-04-25,KY,1,37.03,-85.25
57124,2015,4,2015-04-25,KY,2,37.25,-86.35
57125,2015,4,2015-04-26,TX,0,32.01,-99.23
57126,2015,4,2015-04-26,TX,0,31.99,-99.02
57127,2015,4,2015-04-26,TX,0,32.04,-98.85
57128,2015,4,2015-04-26,TX,0,31.98,-98.76
57129,2015,4,2015-04-26,TX,0,32.04,-98.52
57130,2015,4,2015-04-26,TX,0,32.0,-98.43
57131,2015,4,2015-04-26,TX,0,32.06,-98.39
57132,2015,4,2015-04-26,TX,0,32.23,-98.1
57133,2015,4,2015-04-26,TX,0,32.17,-97.78
57134,2015,4,2015-04-26,TX,1,31.86,-99.06
57135,2015,4,2015-04-26,TX,0,32.23,-97.51
57136,2015,4,2015-04-26,TX,0,32.23,-97.44
57137,2015,4,2015-04-26,TX,0,32.23,-97.38
57138,2015,4,2015-04-26,TX,0,32.24,-97.41
57139,2015,4,2015-04-26,TX,0,32.23,-97.35
57140,2015,4,2015-04-26,TX,0,32.27,-97.31
57141,2015,4,2015-04-26,TX,1,32.25,-97.32
57142,2015,4,2015-04-26,TX,0,32.12,-97.34
57143,2015,4,2015-04-26,TX,0,32.3,-97.22
57144,2015,4,2015-04-27,TX,1,31.06,-93.99
57145,2015,4,2015-04-27,LA,1,30.0,-91.2
57146,2015,4,2015-04-27,LA,0,30.0,-91.2
57147,2015,4,2015-04-27,LA,1,29.86,-90.8
57148,2015,4,2015-04-27,LA,0,29.81,-90.43
57149,2015,4,2015-04-27,LA,1,30.03,-90.28
57150,2015,5,2015-05-03,IA,0,43.31,-94.93
57151,2015,5,2015-05-03,NE,0,40.55,-96.63
57152,2015,5,2015-05-04,KS,1,38.03,-100.66
57153,2015,5,2015-05-04,KS,0,38.03,-100.62
57154,2015,5,2015-05-04,KS,0,38.06,-100.69
57155,2015,5,2015-05-05,NM,0,33.37,-104.57
57156,2015,5,2015-05-05,TX,1,32.45,-101.55
57157,2015,5,2015-05-05,TX,0,33.57,-101.41
57158,2015,5,2015-05-05,TX,0,33.48,-101.43
57159,2015,5,2015-05-05,TX,0,32.03,-101.03
57160,2015,5,2015-05-05,TX,0,32.02,-100.73
57161,2015,5,2015-05-06,OK,0,35.87,-96.23
57162,2015,5,2015-05-06,KS,0,38.91,-98.19
57163,2015,5,2015-05-06,OK,0,34.89,-98.32
57164,2015,5,2015-05-06,OK,0,34.94,-98.25
57165,2015,5,2015-05-06,KS,0,39.64,-98.44
57166,2015,5,2015-05-06,KS,2,39.78,-98.37
57167,2015,5,2015-05-06,NE,1,40.43,-98.56
57168,2015,5,2015-05-06,OK,3,35.16,-97.8
57169,2015,5,2015-05-06,OK,0,36.31,-98.25
57170,2015,5,2015-05-06,NE,1,40.01,-98.17
57171,2015,5,2015-05-06,OK,0,35.19,-97.8
57172,2015,5,2015-05-06,KS,2,39.95,-97.97
57173,2015,5,2015-05-06,KS,3,37.84,-97.65
57174,2015,5,2015-05-06,KS,1,39.75,-97.96
57175,2015,5,2015-05-06,KS,1,39.58,-97.95
57176,2015,5,2015-05-06,KS,1,39.81,-97.93
57177,2015,5,2015-05-06,KS,0,39.86,-97.9
57178,2015,5,2015-05-06,OK,0,36.45,-98.03
57179,2015,5,2015-05-06,KS,2,39.68,-97.9
57180,2015,5,2015-05-06,NE,0,40.28,-97.75
57181,2015,5,2015-05-06,NE,0,40.01,-97.78
57182,2015,5,2015-05-06,OK,1,35.22,-97.58
57183,2015,5,2015-05-06,KS,0,37.56,-97.63
57184,2015,5,2015-05-06,NE,0,40.91,-98.44
57185,2015,5,2015-05-06,OK,0,35.23,-97.53
57186,2015,5,2015-05-06,OK,1,35.25,-97.5
57187,2015,5,2015-05-06,OK,0,36.09,-98.75
57188,2015,5,2015-05-06,OK,0,35.12,-98.13
57189,2015,5,2015-05-06,OK,0,36.81,-97.95
57190,2015,5,2015-05-06,KS,3,39.86,-97.55
57191,2015,5,2015-05-06,KS,0,39.95,-97.44
57192,2015,5,2015-05-06,KS,0,37.09,-98.12
57193,2015,5,2015-05-06,KS,1,39.71,-97.78
57194,2015,5,2015-05-06,OK,0,35.25,-97.78
57195,2015,5,2015-05-06,OK,0,35.3,-97.74
57196,2015,5,2015-05-06,KS,0,39.54,-97.44
57197,2015,5,2015-05-06,KS,0,39.06,-97.71
57198,2015,5,2015-05-06,OK,3,35.41,-97.48
57199,2015,5,2015-05-06,TX,2,33.64,-98.73
57200,2015,5,2015-05-06,KS,0,39.18,-97.56
57201,2015,5,2015-05-06,KS,0,39.78,-97.27
57202,2015,5,2015-05-06,KS,0,39.39,-97.47
57203,2015,5,2015-05-06,TX,0,33.18,-99.32
57204,2015,5,2015-05-06,KS,1,39.6,-97.33
57205,2015,5,2015-05-06,TX,0,33.25,-99.34
57206,2015,5,2015-05-06,KS,0,39.85,-97.09
57207,2015,5,2015-05-06,NE,1,40.51,-96.71
57208,2015,5,2015-05-06,TX,0,33.31,-99.05
57209,2015,5,2015-05-07,KS,0,37.6,-100.68
57210,2015,5,2015-05-07,KS,0,37.61,-100.59
57211,2015,5,2015-05-07,KS,0,37.62,-100.56
57212,2015,5,2015-05-07,KS,0,37.62,-100.54
57213,2015,5,2015-05-07,KS,1,37.6,-100.53
57214,2015,5,2015-05-07,CO,1,37.08,-102.11
57215,2015,5,2015-05-07,TX,1,33.15,-97.47
57216,2015,5,2015-05-07,CO,0,40.04,-104.81
57217,2015,5,2015-05-07,TX,1,33.26,-97.39
57218,2015,5,2015-05-07,TX,0,33.21,-97.89
57219,2015,5,2015-05-08,TX,0,34.21,-99.45
57220,2015,5,2015-05-08,TX,1,34.12,-99.42
57221,2015,5,2015-05-08,TX,0,34.13,-98.9
57222,2015,5,2015-05-08,TX,0,33.38,-99.79
57223,2015,5,2015-05-08,OK,0,34.18,-98.5
57224,2015,5,2015-05-08,OK,0,34.15,-98.38
57225,2015,5,2015-05-08,TX,0,33.31,-99.34
57226,2015,5,2015-05-08,TX,0,33.19,-99.19
57227,2015,5,2015-05-08,OK,0,34.17,-98.11
57228,2015,5,2015-05-08,OK,0,34.17,-97.98
57229,2015,5,2015-05-08,CO,0,37.9,-103.58
57230,2015,5,2015-05-09,TX,3,32.3,-99.01
57231,2015,5,2015-05-09,CO,0,38.53,-103.5
57232,2015,5,2015-05-09,CO,0,38.72,-104.33
57233,2015,5,2015-05-09,TX,0,33.69,-97.21
57234,2015,5,2015-05-09,TX,0,32.34,-98.7
57235,2015,5,2015-05-09,CO,0,38.43,-102.69
57236,2015,5,2015-05-09,CO,0,39.04,-103.95
57237,2015,5,2015-05-09,OK,0,33.79,-97.12
57238,2015,5,2015-05-09,CO,0,39.22,-103.84
57239,2015,5,2015-05-09,OK,0,33.87,-97.03
57240,2015,5,2015-05-09,CO,0,38.56,-102.61
57241,2015,5,2015-05-09,TX,0,34.11,-98.63
57242,2015,5,2015-05-09,OK,0,34.18,-98.55
57243,2015,5,2015-05-09,CO,0,38.7,-102.52
57244,2015,5,2015-05-09,OK,0,33.92,-96.83
57245,2015,5,2015-05-09,CO,0,38.78,-102.51
57246,2015,5,2015-05-09,TX,0,32.36,-98.26
57247,2015,5,2015-05-09,OK,1,34.03,-96.49
57248,2015,5,2015-05-09,KS,0,39.06,-100.12
57249,2015,5,2015-05-09,KS,0,39.18,-100.14
57250,2015,5,2015-05-09,KS,0,38.85,-100.69
57251,2015,5,2015-05-09,OK,0,35.51,-99.41
57252,2015,5,2015-05-09,NE,0,40.13,-99.55
57253,2015,5,2015-05-09,NE,0,40.24,-99.54
57254,2015,5,2015-05-09,KS,1,39.05,-100.63
57255,2015,5,2015-05-09,KS,0,39.2,-100.64
57256,2015,5,2015-05-09,KS,2,39.44,-100.61
57257,2015,5,2015-05-09,KS,1,39.79,-100.61
57258,2015,5,2015-05-09,NE,0,40.12,-100.66
57259,2015,5,2015-05-10,OK,1,34.87,-95.77
57260,2015,5,2015-05-10,SD,2,43.09,-98.22
57261,2015,5,2015-05-10,SD,0,43.49,-98.05
57262,2015,5,2015-05-10,TX,1,33.13,-97.18
57263,2015,5,2015-05-10,TX,0,33.28,-96.98
57264,2015,5,2015-05-10,IA,0,43.23,-96.46
57265,2015,5,2015-05-10,TX,1,33.67,-96.46
57266,2015,5,2015-05-10,TX,1,31.56,-98.23
57267,2015,5,2015-05-10,TX,0,31.99,-97.27
57268,2015,5,2015-05-10,TX,0,32.48,-96.4
57269,2015,5,2015-05-10,OK,0,34.42,-95.71
57270,2015,5,2015-05-10,TX,0,32.65,-96.33
57271,2015,5,2015-05-10,IA,1,42.15,-94.84
57272,2015,5,2015-05-10,SD,0,43.86,-97.39
57273,2015,5,2015-05-10,OK,2,34.76,-95.31
57274,2015,5,2015-05-10,TX,0,32.05,-96.97
57275,2015,5,2015-05-10,OK,0,34.97,-95.1
57276,2015,5,2015-05-10,IA,0,42.52,-94.58
57277,2015,5,2015-05-10,TX,3,32.41,-95.62
57278,2015,5,2015-05-10,TX,1,32.63,-95.58
57279,2015,5,2015-05-10,TX,1,32.61,-95.58
57280,2015,5,2015-05-10,AR,2,33.93,-93.87
57281,2015,5,2015-05-10,TX,0,32.84,-94.31
57282,2015,5,2015-05-10,TX,0,32.86,-94.29
57283,2015,5,2015-05-11,TX,1,31.96,-95.06
57284,2015,5,2015-05-11,LA,0,30.38,-92.56
57285,2015,5,2015-05-11,NC,0,35.89,-75.67
57286,2015,5,2015-05-13,TX,0,28.8,-96.84
57287,2015,5,2015-05-13,TX,0,33.62,-100.34
57288,2015,5,2015-05-13,TX,0,27.78,-98.99
57289,2015,5,2015-05-14,MO,0,39.59,-93.13
57290,2015,5,2015-05-15,TX,1,28.54,-99.39
57291,2015,5,2015-05-15,TX,0,28.51,-99.27
57292,2015,5,2015-05-15,TX,0,27.85,-98.42
57293,2015,5,2015-05-15,TX,0,27.65,-97.37
57294,2015,5,2015-05-15,TX,0,27.9,-97.28
57295,2015,5,2015-05-15,CO,0,40.0,-104.14
57296,2015,5,2015-05-15,CO,1,39.9,-104.3
57297,2015,5,2015-05-15,WY,1,41.92,-104.21
57298,2015,5,2015-05-15,KS,0,39.59,-95.68
57299,2015,5,2015-05-15,KS,0,39.82,-95.45
57300,2015,5,2015-05-15,NE,0,42.81,-101.97
57301,2015,5,2015-05-15,NE,0,42.68,-102.47
57302,2015,5,2015-05-16,TX,0,34.6,-101.24
57303,2015,5,2015-05-16,WY,0,44.5,-108.75
57304,2015,5,2015-05-16,TX,1,34.87,-100.74
57305,2015,5,2015-05-16,TX,1,34.95,-100.62
57306,2015,5,2015-05-16,TX,0,35.22,-100.29
57307,2015,5,2015-05-16,MN,1,45.05,-95.74
57308,2015,5,2015-05-16,OK,1,35.81,-99.49
57309,2015,5,2015-05-16,OK,1,35.93,-99.31
57310,2015,5,2015-05-16,MN,0,45.3,-95.72
57311,2015,5,2015-05-16,MN,0,45.1,-95.53
57312,2015,5,2015-05-16,TX,3,34.38,-99.51
57313,2015,5,2015-05-16,MN,1,45.16,-95.51
57314,2015,5,2015-05-16,MN,0,45.37,-95.76
57315,2015,5,2015-05-16,KS,1,38.4,-95.99
57316,2015,5,2015-05-16,OK,0,35.42,-99.37
57317,2015,5,2015-05-16,MN,0,45.1,-95.51
57318,2015,5,2015-05-16,MN,0,45.14,-95.45
57319,2015,5,2015-05-16,OK,0,34.51,-99.17
57320,2015,5,2015-05-16,OK,1,36.32,-98.56
57321,2015,5,2015-05-16,MN,0,45.27,-95.36
57322,2015,5,2015-05-16,MN,0,45.33,-95.33
57323,2015,5,2015-05-16,MN,0,45.43,-95.29
57324,2015,5,2015-05-16,OK,1,34.72,-98.65
57325,2015,5,2015-05-16,MN,0,45.51,-95.26
57326,2015,5,2015-05-16,TX,0,33.82,-98.93
57327,2015,5,2015-05-16,MN,0,45.61,-95.26
57328,2015,5,2015-05-16,MN,0,45.07,-94.46
57329,2015,5,2015-05-16,OK,0,34.94,-98.25
57330,2015,5,2015-05-16,MN,0,45.71,-95.23
57331,2015,5,2015-05-16,OK,0,34.45,-98.42
57332,2015,5,2015-05-16,OK,0,34.97,-98.23
57333,2015,5,2015-05-16,MN,0,45.76,-95.21
57334,2015,5,2015-05-16,MN,0,45.29,-94.31
57335,2015,5,2015-05-16,MO,0,39.43,-94.21
57336,2015,5,2015-05-16,OK,1,35.48,-96.27
57337,2015,5,2015-05-16,MO,2,39.14,-94.22
57338,2015,5,2015-05-16,OK,2,35.97,-95.76
57339,2015,5,2015-05-16,OK,2,36.17,-95.57
57340,2015,5,2015-05-16,MO,1,39.51,-94.03
57341,2015,5,2015-05-16,OK,1,36.29,-95.48
57342,2015,5,2015-05-16,OK,1,36.36,-95.4
57343,2015,5,2015-05-16,MO,1,38.39,-94.39
57344,2015,5,2015-05-16,OK,1,36.47,-95.28
57345,2015,5,2015-05-16,OK,1,36.56,-95.01
57346,2015,5,2015-05-16,OK,1,36.62,-94.96
57347,2015,5,2015-05-16,OK,1,36.68,-94.83
57348,2015,5,2015-05-16,MO,0,38.35,-93.79
57349,2015,5,2015-05-16,OK,1,36.76,-94.64
57350,2015,5,2015-05-17,MO,1,36.96,-93.9
57351,2015,5,2015-05-17,MO,0,37.7,-93.51
57352,2015,5,2015-05-17,MO,0,37.7,-93.43
57353,2015,5,2015-05-17,MO,0,37.78,-93.48
57354,2015,5,2015-05-17,IA,0,41.17,-93.9
57355,2015,5,2015-05-17,IA,0,41.25,-93.98
57356,2015,5,2015-05-17,MO,0,37.8,-93.05
57357,2015,5,2015-05-17,IA,1,41.39,-93.92
57358,2015,5,2015-05-17,IA,1,41.42,-93.9
57359,2015,5,2015-05-17,IA,0,41.57,-93.99
57360,2015,5,2015-05-17,LA,1,30.55,-90.54
57361,2015,5,2015-05-17,WI,0,44.87,-88.85
57362,2015,5,2015-05-18,TX,0,31.33,-103.35
57363,2015,5,2015-05-18,TX,0,31.29,-103.38
57364,2015,5,2015-05-19,TX,0,30.16,-96.88
57365,2015,5,2015-05-19,OK,0,34.92,-97.48
57366,2015,5,2015-05-19,OK,0,34.96,-97.43
57367,2015,5,2015-05-19,TX,0,31.11,-102.24
57368,2015,5,2015-05-19,TX,0,32.31,-96.8
57369,2015,5,2015-05-19,OK,0,35.03,-97.27
57370,2015,5,2015-05-19,TX,0,31.12,-102.24
57371,2015,5,2015-05-19,TX,0,31.01,-102.3
57372,2015,5,2015-05-19,TX,0,34.12,-98.91
57373,2015,5,2015-05-19,OK,0,34.21,-98.75
57374,2015,5,2015-05-19,TX,0,30.83,-102.34
57375,2015,5,2015-05-19,OK,0,35.19,-97.06
57376,2015,5,2015-05-19,TX,0,30.78,-102.4
57377,2015,5,2015-05-19,TX,0,30.63,-102.2
57378,2015,5,2015-05-19,TX,0,30.67,-102.53
57379,2015,5,2015-05-19,TX,0,33.33,-98.57
57380,2015,5,2015-05-19,TX,0,33.35,-98.55
57381,2015,5,2015-05-19,TX,0,33.42,-98.44
57382,2015,5,2015-05-19,OK,0,33.95,-97.97
57383,2015,5,2015-05-19,TX,0,32.78,-98.29
57384,2015,5,2015-05-19,TX,0,33.45,-98.35
57385,2015,5,2015-05-19,TX,0,34.01,-98.74
57386,2015,5,2015-05-19,TX,0,33.96,-97.97
57387,2015,5,2015-05-19,OK,0,33.97,-97.92
57388,2015,5,2015-05-19,OK,0,33.98,-97.82
57389,2015,5,2015-05-19,TX,0,33.52,-98.22
57390,2015,5,2015-05-19,TX,0,32.8,-98.54
57391,2015,5,2015-05-19,TX,1,32.81,-98.12
57392,2015,5,2015-05-19,OK,0,34.08,-97.53
57393,2015,5,2015-05-19,TX,0,33.17,-97.99
57394,2015,5,2015-05-19,OK,0,34.09,-97.4
57395,2015,5,2015-05-19,TX,0,33.16,-97.91
57396,2015,5,2015-05-19,TX,1,33.18,-97.86
57397,2015,5,2015-05-19,TX,1,33.13,-97.85
57398,2015,5,2015-05-19,TX,1,33.21,-97.49
57399,2015,5,2015-05-19,TX,0,33.22,-98.17
57400,2015,5,2015-05-20,TX,0,33.78,-96.81
57401,2015,5,2015-05-20,TN,0,35.55,-89.3
57402,2015,5,2015-05-20,TN,0,35.6,-88.07
57403,2015,5,2015-05-21,NC,1,34.32,-78.35
57404,2015,5,2015-05-22,TX,0,30.48,-103.46
57405,2015,5,2015-05-23,WY,0,41.54,-105.84
57406,2015,5,2015-05-23,OK,1,35.19,-98.0
57407,2015,5,2015-05-23,OK,0,34.52,-96.97
57408,2015,5,2015-05-23,OK,0,34.76,-96.64
57409,2015,5,2015-05-23,OK,0,34.57,-97.15
57410,2015,5,2015-05-23,OK,1,35.13,-97.62
57411,2015,5,2015-05-23,OK,0,34.67,-96.97
57412,2015,5,2015-05-23,OK,1,34.89,-96.57
57413,2015,5,2015-05-23,OK,0,35.24,-97.62
57414,2015,5,2015-05-23,OK,1,34.8,-97.36
57415,2015,5,2015-05-23,OK,0,35.11,-96.4
57416,2015,5,2015-05-23,TX,1,29.44,-98.58
57417,2015,5,2015-05-23,OK,0,34.88,-95.17
57418,2015,5,2015-05-23,TX,0,30.13,-98.09
57419,2015,5,2015-05-23,TX,1,30.55,-97.97
57420,2015,5,2015-05-23,TX,0,30.15,-97.87
57421,2015,5,2015-05-23,TX,1,30.69,-97.94
57422,2015,5,2015-05-23,TX,0,30.52,-97.89
57423,2015,5,2015-05-23,TX,1,30.36,-97.69
57424,2015,5,2015-05-23,TX,1,30.17,-97.49
57425,2015,5,2015-05-23,TX,1,30.61,-97.81
57426,2015,5,2015-05-23,TX,0,30.77,-97.92
57427,2015,5,2015-05-24,TX,1,27.75,-97.43
57428,2015,5,2015-05-24,TX,1,32.88,-96.86
57429,2015,5,2015-05-24,TX,1,32.88,-96.96
57430,2015,5,2015-05-24,TX,0,29.67,-95.53
57431,2015,5,2015-05-24,TX,1,32.36,-94.36
57432,2015,5,2015-05-24,MO,1,38.1,-93.71
57433,2015,5,2015-05-24,IA,1,40.76,-91.48
57434,2015,5,2015-05-24,NE,0,42.92,-102.0
57435,2015,5,2015-05-24,NE,0,42.92,-101.99
57436,2015,5,2015-05-24,MO,1,36.58,-92.71
57437,2015,5,2015-05-24,IL,2,41.25,-90.99
57438,2015,5,2015-05-24,KS,1,37.23,-100.69
57439,2015,5,2015-05-24,KS,0,37.1,-100.82
57440,2015,5,2015-05-24,KS,0,37.3,-100.54
57441,2015,5,2015-05-24,KS,0,37.34,-100.53
57442,2015,5,2015-05-24,KS,1,37.41,-100.46
57443,2015,5,2015-05-24,KS,2,37.53,-100.32
57444,2015,5,2015-05-24,KS,1,37.67,-100.1
57445,2015,5,2015-05-25,MS,0,33.95,-88.64
57446,2015,5,2015-05-25,MS,1,33.98,-88.49
57447,2015,5,2015-05-25,TX,1,32.4,-100.72
57448,2015,5,2015-05-25,TX,0,32.54,-100.4
57449,2015,5,2015-05-25,MS,0,33.11,-89.18
57450,2015,5,2015-05-25,FL,0,26.11,-80.1
57451,2015,5,2015-05-25,TX,1,32.47,-94.34
57452,2015,5,2015-05-25,TX,1,30.25,-98.8
57453,2015,5,2015-05-25,TX,0,30.34,-98.49
57454,2015,5,2015-05-25,TX,1,31.1,-98.09
57455,2015,5,2015-05-25,TX,1,31.12,-98.06
57456,2015,5,2015-05-25,TX,1,31.24,-97.94
57457,2015,5,2015-05-25,TX,0,33.67,-96.59
57458,2015,5,2015-05-25,OK,3,33.98,-96.27
57459,2015,5,2015-05-25,TX,1,30.64,-97.73
57460,2015,5,2015-05-25,OK,2,34.27,-96.09
57461,2015,5,2015-05-25,TX,0,33.78,-96.14
57462,2015,5,2015-05-25,TX,2,30.82,-97.12
57463,2015,5,2015-05-25,TX,0,31.75,-96.34
57464,2015,5,2015-05-25,OK,1,34.54,-96.02
57465,2015,5,2015-05-25,TX,1,30.09,-97.54
57466,2015,5,2015-05-25,OK,2,34.55,-95.22
57467,2015,5,2015-05-25,OK,1,34.65,-94.86
57468,2015,5,2015-05-25,OK,1,34.97,-94.87
57469,2015,5,2015-05-25,OK,2,34.98,-94.67
57470,2015,5,2015-05-25,TX,0,29.1,-98.13
57471,2015,5,2015-05-25,TX,1,29.79,-96.95
57472,2015,5,2015-05-25,AR,1,34.99,-93.19
57473,2015,5,2015-05-25,AR,1,35.01,-93.17
57474,2015,5,2015-05-25,TX,2,32.12,-94.94
57475,2015,5,2015-05-25,TX,0,29.25,-97.87
57476,2015,5,2015-05-25,TX,1,32.24,-94.46
57477,2015,5,2015-05-25,LA,1,32.39,-93.79
57478,2015,5,2015-05-26,LA,1,29.97,-90.25
57479,2015,5,2015-05-26,IL,1,41.32,-90.05
57480,2015,5,2015-05-26,IA,1,42.23,-90.75
57481,2015,5,2015-05-26,IL,1,41.52,-89.44
57482,2015,5,2015-05-26,WI,0,42.7,-89.65
57483,2015,5,2015-05-26,IL,0,41.78,-87.8
57484,2015,5,2015-05-26,GA,1,32.89,-84.71
57485,2015,5,2015-05-26,OH,1,39.7,-84.1
57486,2015,5,2015-05-26,TX,0,32.79,-98.54
57487,2015,5,2015-05-26,TX,0,32.68,-98.46
57488,2015,5,2015-05-26,TX,0,32.57,-98.34
57489,2015,5,2015-05-26,OK,0,35.52,-98.63
57490,2015,5,2015-05-27,TX,0,30.0,-98.38
57491,2015,5,2015-05-27,CO,0,40.33,-102.3
57492,2015,5,2015-05-27,KS,0,39.06,-101.18
57493,2015,5,2015-05-27,KS,0,38.29,-100.56
57494,2015,5,2015-05-27,KS,0,38.34,-100.53
57495,2015,5,2015-05-27,KS,0,38.36,-100.48
57496,2015,5,2015-05-27,KS,0,38.38,-100.73
57497,2015,5,2015-05-27,TX,2,35.97,-100.42
57498,2015,5,2015-05-27,KS,0,37.6,-100.97
57499,2015,5,2015-05-27,KS,1,37.59,-100.95
57500,2015,5,2015-05-27,KS,0,38.28,-100.32
57501,2015,5,2015-05-27,KS,0,38.17,-100.33
57502,2015,5,2015-05-27,TX,1,35.94,-100.44
57503,2015,5,2015-05-27,TX,0,35.94,-100.44
57504,2015,5,2015-05-27,TX,0,35.98,-100.42
57505,2015,5,2015-05-27,KS,0,38.16,-100.29
57506,2015,5,2015-05-27,KS,0,37.98,-100.35
57507,2015,5,2015-05-27,TX,0,31.01,-103.28
57508,2015,5,2015-05-27,TX,0,30.98,-103.26
57509,2015,5,2015-05-28,OK,1,34.77,-95.04
57510,2015,5,2015-05-28,AR,1,36.26,-94.36
57511,2015,5,2015-05-28,AR,0,36.4,-94.24
57512,2015,5,2015-05-28,KS,0,38.43,-101.7
57513,2015,5,2015-05-28,TX,0,32.92,-101.64
57514,2015,5,2015-05-28,CO,0,37.16,-103.36
57515,2015,5,2015-05-28,KS,0,38.34,-101.39
57516,2015,5,2015-05-28,KS,0,38.32,-101.3
57517,2015,5,2015-05-28,CO,0,39.16,-102.55
57518,2015,5,2015-05-28,KS,0,38.3,-101.11
57519,2015,5,2015-05-28,CO,0,37.23,-102.38
57520,2015,5,2015-05-28,KS,0,38.25,-100.97
57521,2015,5,2015-05-28,ND,0,48.37,-97.24
57522,2015,5,2015-05-28,TX,0,33.98,-99.82
57523,2015,5,2015-05-29,MS,0,33.39,-90.61
57524,2015,5,2015-05-29,OK,1,35.39,-95.14
57525,2015,5,2015-05-29,OK,0,35.49,-95.09
57526,2015,5,2015-05-29,OK,1,36.37,-95.08
57527,2015,5,2015-05-29,NM,0,33.69,-103.3
57528,2015,5,2015-05-29,IL,1,39.27,-90.45
57529,2015,5,2015-05-30,IN,1,39.74,-86.08
57530,2015,5,2015-05-31,PA,0,41.2,-80.46
57531,2015,6,2015-06-01,FL,0,28.55,-81.75
57532,2015,6,2015-06-02,ND,0,47.36,-102.82
57533,2015,6,2015-06-03,WY,0,43.83,-105.79
57534,2015,6,2015-06-03,KS,1,39.34,-98.52
57535,2015,6,2015-06-03,KS,1,39.35,-98.49
57536,2015,6,2015-06-03,KS,0,39.33,-98.44
57537,2015,6,2015-06-04,NC,0,35.97,-76.23
57538,2015,6,2015-06-04,CO,0,39.2,-104.29
57539,2015,6,2015-06-04,CO,0,39.18,-104.13
57540,2015,6,2015-06-04,CO,0,39.16,-104.12
57541,2015,6,2015-06-04,CO,1,39.15,-104.12
57542,2015,6,2015-06-04,CO,0,39.14,-104.06
57543,2015,6,2015-06-04,CO,1,39.09,-104.05
57544,2015,6,2015-06-04,CO,0,39.12,-104.11
57545,2015,6,2015-06-04,CO,0,39.07,-104.03
57546,2015,6,2015-06-04,CO,0,39.04,-104.04
57547,2015,6,2015-06-04,CO,0,39.06,-104.04
57548,2015,6,2015-06-04,CO,0,39.04,-104.02
57549,2015,6,2015-06-04,CO,0,39.03,-104.02
57550,2015,6,2015-06-04,CO,3,40.25,-105.08
57551,2015,6,2015-06-04,CO,0,39.03,-104.01
57552,2015,6,2015-06-04,CO,0,39.02,-104.0
57553,2015,6,2015-06-04,CO,0,38.98,-103.99
57554,2015,6,2015-06-04,CO,0,38.97,-103.98
57555,2015,6,2015-06-04,CO,0,38.93,-103.99
57556,2015,6,2015-06-04,KS,0,39.52,-100.66
57557,2015,6,2015-06-05,CO,2,39.53,-102.92
57558,2015,6,2015-06-05,CO,1,39.53,-104.64
57559,2015,6,2015-06-05,NV,1,38.53,-118.6
57560,2015,6,2015-06-05,CO,0,39.69,-103.06
57561,2015,6,2015-06-05,CO,0,39.43,-102.74
57562,2015,6,2015-06-05,CO,0,39.51,-102.59
57563,2015,6,2015-06-05,KS,0,39.07,-101.23
57564,2015,6,2015-06-05,KS,0,39.07,-101.23
57565,2015,6,2015-06-06,UT,0,37.06,-109.75
57566,2015,6,2015-06-07,IA,0,42.24,-94.14
57567,2015,6,2015-06-07,IA,0,42.1,-94.02
57568,2015,6,2015-06-07,IA,0,42.17,-93.96
57569,2015,6,2015-06-07,IA,1,42.0,-93.61
57570,2015,6,2015-06-07,IN,0,41.24,-87.22
57571,2015,6,2015-06-07,IN,0,41.24,-87.14
57572,2015,6,2015-06-07,IN,1,41.24,-86.82
57573,2015,6,2015-06-07,IL,0,40.02,-89.7
57574,2015,6,2015-06-07,IL,0,40.03,-88.49
57575,2015,6,2015-06-08,PA,0,40.74,-76.55
57576,2015,6,2015-06-09,SC,0,33.37,-80.0
57577,2015,6,2015-06-09,NY,0,42.83,-73.96
57578,2015,6,2015-06-10,NM,0,36.59,-108.07
57579,2015,6,2015-06-10,FL,0,29.78,-81.43
57580,2015,6,2015-06-10,FL,0,26.97,-80.09
57581,2015,6,2015-06-10,NY,0,42.96,-77.28
57582,2015,6,2015-06-11,MO,0,40.51,-95.28
57583,2015,6,2015-06-11,IL,1,41.27,-90.71
57584,2015,6,2015-06-11,CO,0,37.5,-102.73
57585,2015,6,2015-06-12,TX,0,34.76,-102.52
57586,2015,6,2015-06-12,KS,0,37.11,-95.39
57587,2015,6,2015-06-12,TX,0,32.92,-102.44
57588,2015,6,2015-06-13,NC,1,35.83,-77.07
57589,2015,6,2015-06-13,MO,1,38.96,-91.16
57590,2015,6,2015-06-14,NE,0,41.04,-100.69
57591,2015,6,2015-06-14,KS,0,38.61,-96.81
57592,2015,6,2015-06-15,WI,0,44.4,-87.94
57593,2015,6,2015-06-15,WY,0,41.9,-106.04
57594,2015,6,2015-06-15,IL,1,41.32,-88.03
57595,2015,6,2015-06-15,MI,0,42.88,-83.94
57596,2015,6,2015-06-16,UT,0,40.78,-109.35
57597,2015,6,2015-06-16,WY,0,42.76,-105.77
57598,2015,6,2015-06-17,OK,0,33.94,-94.67
57599,2015,6,2015-06-17,WI,0,45.06,-91.99
57600,2015,6,2015-06-17,TX,0,27.67,-98.09
57601,2015,6,2015-06-17,WI,0,45.26,-92.4
57602,2015,6,2015-06-17,WV,1,38.85,-80.16
57603,2015,6,2015-06-18,LA,1,32.04,-93.7
57604,2015,6,2015-06-18,LA,1,32.19,-93.84
57605,2015,6,2015-06-18,OH,1,40.98,-81.4
57606,2015,6,2015-06-18,VA,0,38.0,-76.88
57607,2015,6,2015-06-18,VA,0,37.85,-76.67
57608,2015,6,2015-06-18,VA,0,37.74,-76.55
57609,2015,6,2015-06-19,IL,1,38.57,-88.85
57610,2015,6,2015-06-19,KY,0,36.68,-88.52
57611,2015,6,2015-06-19,IL,0,38.71,-87.55
57612,2015,6,2015-06-19,IL,0,37.98,-88.37
57613,2015,6,2015-06-19,IN,0,38.0,-86.78
57614,2015,6,2015-06-19,IL,1,37.54,-88.93
57615,2015,6,2015-06-19,IL,0,38.75,-88.1
57616,2015,6,2015-06-19,IL,0,38.76,-88.1
57617,2015,6,2015-06-19,IL,1,37.88,-88.96
57618,2015,6,2015-06-19,IL,1,37.77,-89.32
57619,2015,6,2015-06-19,IL,0,38.07,-88.67
57620,2015,6,2015-06-19,IL,0,38.08,-89.15
57621,2015,6,2015-06-19,MT,0,45.31,-104.9
57622,2015,6,2015-06-19,SD,2,44.42,-103.01
57623,2015,6,2015-06-20,OH,0,39.41,-81.83
57624,2015,6,2015-06-20,ND,0,48.49,-99.05
57625,2015,6,2015-06-20,IA,1,41.12,-92.65
57626,2015,6,2015-06-20,VA,0,38.73,-77.55
57627,2015,6,2015-06-20,MD,0,39.26,-77.47
57628,2015,6,2015-06-20,IA,1,41.17,-91.69
57629,2015,6,2015-06-20,ND,0,47.5,-98.44
57630,2015,6,2015-06-20,VA,0,38.04,-77.32
57631,2015,6,2015-06-20,IA,1,40.92,-91.48
57632,2015,6,2015-06-20,IA,1,40.81,-91.28
57633,2015,6,2015-06-20,IA,1,40.81,-91.28
57634,2015,6,2015-06-20,IA,1,40.67,-91.36
57635,2015,6,2015-06-21,MT,0,46.22,-104.4
57636,2015,6,2015-06-21,SD,0,45.76,-102.92
57637,2015,6,2015-06-21,SD,0,45.65,-102.68
57638,2015,6,2015-06-21,SD,0,45.55,-102.4
57639,2015,6,2015-06-21,SD,0,45.5,-102.3
57640,2015,6,2015-06-21,SD,0,45.47,-102.23
57641,2015,6,2015-06-21,SD,0,45.35,-101.88
57642,2015,6,2015-06-22,MN,1,47.3,-95.97
57643,2015,6,2015-06-22,MN,0,44.31,-94.08
57644,2015,6,2015-06-22,IA,1,42.75,-91.81
57645,2015,6,2015-06-22,WI,0,43.14,-90.89
57646,2015,6,2015-06-22,WI,0,43.21,-90.69
57647,2015,6,2015-06-22,MI,1,42.89,-84.96
57648,2015,6,2015-06-22,IA,3,41.17,-93.12
57649,2015,6,2015-06-22,IA,2,41.02,-92.84
57650,2015,6,2015-06-22,FL,0,26.92,-81.97
57651,2015,6,2015-06-22,KS,0,37.78,-100.26
57652,2015,6,2015-06-22,IL,1,41.79,-89.67
57653,2015,6,2015-06-22,IL,2,41.38,-90.79
57654,2015,6,2015-06-22,IL,1,41.74,-89.65
57655,2015,6,2015-06-22,IL,1,41.74,-89.59
57656,2015,6,2015-06-22,IL,2,41.66,-89.32
57657,2015,6,2015-06-22,IL,1,41.55,-89.13
57658,2015,6,2015-06-22,IL,1,41.47,-88.87
57659,2015,6,2015-06-22,MI,2,43.25,-83.74
57660,2015,6,2015-06-22,MI,1,43.5,-83.13
57661,2015,6,2015-06-22,IL,1,41.4,-88.61
57662,2015,6,2015-06-22,IL,0,41.28,-88.38
57663,2015,6,2015-06-22,IL,3,41.31,-88.38
57664,2015,6,2015-06-22,IL,1,41.18,-87.89
57665,2015,6,2015-06-22,MI,0,42.96,-82.82
57666,2015,6,2015-06-22,IL,0,41.02,-88.01
57667,2015,6,2015-06-22,MI,1,42.19,-84.03
57668,2015,6,2015-06-23,OH,0,39.7,-82.61
57669,2015,6,2015-06-23,MA,0,42.06,-71.33
57670,2015,6,2015-06-23,MA,0,42.51,-71.9
57671,2015,6,2015-06-24,CO,1,39.73,-104.9
57672,2015,6,2015-06-24,ND,0,47.11,-102.56
57673,2015,6,2015-06-25,WY,0,41.71,-104.53
57674,2015,6,2015-06-25,KS,0,38.07,-100.05
57675,2015,6,2015-06-25,NE,0,41.79,-103.32
57676,2015,6,2015-06-26,WV,0,38.83,-81.68
57677,2015,6,2015-06-27,VA,0,37.66,-77.44
57678,2015,6,2015-06-27,MD,1,38.34,-76.97
57679,2015,6,2015-06-27,MD,1,38.29,-76.91
57680,2015,6,2015-06-27,ND,0,48.67,-98.11
57681,2015,6,2015-06-27,ND,1,48.63,-98.07
57682,2015,6,2015-06-27,PA,0,40.7,-80.08
57683,2015,6,2015-06-27,ND,1,48.58,-97.97
57684,2015,6,2015-06-27,ND,0,48.43,-97.9
57685,2015,6,2015-06-27,ND,0,48.4,-97.99
57686,2015,6,2015-06-27,ND,0,48.24,-97.76
57687,2015,6,2015-06-27,NC,0,34.28,-78.12
57688,2015,6,2015-06-27,ND,1,47.84,-98.07
57689,2015,6,2015-06-27,NC,1,35.55,-79.25
57690,2015,6,2015-06-27,ND,1,48.18,-97.69
57691,2015,6,2015-06-27,ND,0,47.72,-97.82
57692,2015,6,2015-06-27,ND,0,47.6,-97.73
57693,2015,6,2015-06-27,ND,0,46.79,-97.81
57694,2015,6,2015-06-27,ND,0,47.92,-97.54
57695,2015,6,2015-06-27,ND,1,47.4,-97.61
57696,2015,6,2015-06-27,ND,2,47.72,-97.38
57697,2015,6,2015-06-27,ND,1,47.3,-97.51
57698,2015,6,2015-06-27,NC,1,34.58,-79.16
57699,2015,6,2015-06-27,NC,1,34.59,-78.92
57700,2015,6,2015-06-27,MN,0,46.75,-96.36
57701,2015,6,2015-06-27,SD,0,44.41,-98.47
57702,2015,6,2015-06-27,ND,1,46.27,-96.98
57703,2015,6,2015-06-27,ND,1,46.13,-96.77
57704,2015,6,2015-06-27,ND,0,46.05,-96.75
57705,2015,6,2015-06-28,IA,0,40.66,-92.16
57706,2015,6,2015-06-28,MO,0,38.75,-92.06
57707,2015,6,2015-06-28,MO,1,39.25,-91.09
57708,2015,6,2015-06-28,MO,0,39.23,-91.03
57709,2015,6,2015-06-28,MO,2,38.84,-90.64
57710,2015,6,2015-06-29,KS,0,37.9,-100.45
57711,2015,6,2015-06-30,PA,1,40.12,-75.89
57712,2015,6,2015-06-30,MT,1,47.48,-104.11
57713,2015,6,2015-06-30,PA,1,40.92,-76.64
57714,2015,6,2015-06-30,ND,1,45.98,-103.42
57715,2015,7,2015-07-01,KY,0,37.06,-84.8
57716,2015,7,2015-07-01,MO,1,38.94,-94.39
57717,2015,7,2015-07-01,MO,0,38.9,-94.34
57718,2015,7,2015-07-01,MO,0,38.78,-94.31
57719,2015,7,2015-07-01,MO,1,38.28,-93.43
57720,2015,7,2015-07-01,MO,0,38.07,-92.0
57721,2015,7,2015-07-02,TN,0,36.23,-86.62
57722,2015,7,2015-07-02,TN,0,36.23,-86.58
57723,2015,7,2015-07-02,TN,0,36.22,-86.46
57724,2015,7,2015-07-02,TN,0,36.17,-86.34
57725,2015,7,2015-07-02,TN,0,36.19,-86.27
57726,2015,7,2015-07-05,KY,0,37.55,-87.5
57727,2015,7,2015-07-05,SD,0,43.45,-97.4
57728,2015,7,2015-07-06,WI,1,44.66,-88.95
57729,2015,7,2015-07-06,WI,0,44.73,-88.76
57730,2015,7,2015-07-06,MO,0,39.24,-94.44
57731,2015,7,2015-07-06,KS,1,38.94,-95.12
57732,2015,7,2015-07-06,KS,0,38.92,-94.86
57733,2015,7,2015-07-06,WI,0,44.89,-88.28
57734,2015,7,2015-07-07,KY,0,38.46,-83.76
57735,2015,7,2015-07-07,WY,0,41.67,-108.16
57736,2015,7,2015-07-07,OK,1,35.11,-94.91
57737,2015,7,2015-07-07,NM,0,35.07,-106.18
57738,2015,7,2015-07-08,MO,0,37.78,-90.75
57739,2015,7,2015-07-08,MO,0,38.15,-90.31
57740,2015,7,2015-07-08,MO,1,37.17,-89.52
57741,2015,7,2015-07-08,CA,0,38.97,-120.07
57742,2015,7,2015-07-09,MO,0,37.0,-92.67
57743,2015,7,2015-07-09,MO,0,37.01,-92.63
57744,2015,7,2015-07-09,PA,1,41.28,-76.88
57745,2015,7,2015-07-09,PA,0,40.79,-76.87
57746,2015,7,2015-07-09,CO,1,39.08,-108.11
57747,2015,7,2015-07-09,OK,1,35.99,-94.89
57748,2015,7,2015-07-09,OK,1,36.02,-94.77
57749,2015,7,2015-07-09,PA,1,40.55,-76.04
57750,2015,7,2015-07-09,AR,1,36.27,-94.51
57751,2015,7,2015-07-09,DE,0,39.71,-75.55
57752,2015,7,2015-07-10,KY,0,37.88,-86.04
57753,2015,7,2015-07-10,KY,0,37.88,-85.98
57754,2015,7,2015-07-10,KY,0,37.89,-85.73
57755,2015,7,2015-07-11,ID,0,43.86,-112.39
57756,2015,7,2015-07-11,IL,0,39.93,-88.95
57757,2015,7,2015-07-11,ND,0,48.15,-99.61
57758,2015,7,2015-07-12,IN,0,39.4,-86.21
57759,2015,7,2015-07-12,ND,0,47.63,-97.27
57760,2015,7,2015-07-12,ND,0,47.98,-97.16
57761,2015,7,2015-07-12,MN,0,46.4,-96.16
57762,2015,7,2015-07-12,MN,0,46.18,-96.5
57763,2015,7,2015-07-12,MN,0,46.12,-96.38
57764,2015,7,2015-07-12,MN,0,46.1,-96.14
57765,2015,7,2015-07-12,MN,0,46.2,-96.01
57766,2015,7,2015-07-12,MN,1,46.34,-95.53
57767,2015,7,2015-07-12,MN,1,46.23,-95.58
57768,2015,7,2015-07-12,MN,1,45.98,-96.02
57769,2015,7,2015-07-12,MN,2,46.38,-95.07
57770,2015,7,2015-07-13,KY,1,37.21,-85.44
57771,2015,7,2015-07-13,KY,0,36.96,-85.42
57772,2015,7,2015-07-13,KY,0,36.63,-85.44
57773,2015,7,2015-07-13,WI,0,43.18,-90.2
57774,2015,7,2015-07-13,KS,3,38.19,-97.99
57775,2015,7,2015-07-13,IN,0,40.5,-87.36
57776,2015,7,2015-07-13,IN,0,40.43,-87.21
57777,2015,7,2015-07-13,IN,1,39.74,-86.7
57778,2015,7,2015-07-13,IN,1,39.75,-86.74
57779,2015,7,2015-07-13,MI,0,42.81,-85.41
57780,2015,7,2015-07-14,TN,1,36.49,-85.13
57781,2015,7,2015-07-14,TN,1,36.17,-85.6
57782,2015,7,2015-07-14,TN,1,35.46,-84.38
57783,2015,7,2015-07-14,KY,1,38.46,-83.7
57784,2015,7,2015-07-14,AL,1,34.77,-87.71
57785,2015,7,2015-07-14,AL,1,34.69,-87.43
57786,2015,7,2015-07-14,AL,0,34.6,-87.53
57787,2015,7,2015-07-14,AL,0,34.61,-86.75
57788,2015,7,2015-07-14,AL,0,34.5,-86.9
57789,2015,7,2015-07-14,AL,1,34.35,-86.84
57790,2015,7,2015-07-16,IA,0,41.08,-91.58
57791,2015,7,2015-07-16,IL,1,40.83,-91.0
57792,2015,7,2015-07-16,IL,1,40.83,-90.77
57793,2015,7,2015-07-16,IL,1,41.62,-90.32
57794,2015,7,2015-07-16,IL,2,40.87,-90.7
57795,2015,7,2015-07-16,IL,2,40.89,-90.59
57796,2015,7,2015-07-16,IA,0,43.26,-92.94
57797,2015,7,2015-07-16,IL,0,41.72,-89.7
57798,2015,7,2015-07-16,IL,2,40.36,-89.55
57799,2015,7,2015-07-17,IN,1,40.31,-86.75
57800,2015,7,2015-07-17,IN,1,40.28,-86.74
57801,2015,7,2015-07-17,SD,0,45.61,-97.75
57802,2015,7,2015-07-17,SD,0,45.46,-97.35
57803,2015,7,2015-07-17,MN,1,44.95,-93.99
57804,2015,7,2015-07-18,MN,0,45.1,-93.12
57805,2015,7,2015-07-18,WI,1,44.71,-92.02
57806,2015,7,2015-07-18,MN,0,44.24,-92.09
57807,2015,7,2015-07-18,IL,0,42.45,-88.6
57808,2015,7,2015-07-18,IL,0,42.46,-88.48
57809,2015,7,2015-07-18,WI,1,42.71,-88.81
57810,2015,7,2015-07-19,CA,0,34.3,-116.4
57811,2015,7,2015-07-20,CA,0,39.94,-120.02
57812,2015,7,2015-07-21,CO,1,39.27,-105.11
57813,2015,7,2015-07-23,NE,0,41.91,-100.61
57814,2015,7,2015-07-23,SD,1,44.2,-98.22
57815,2015,7,2015-07-23,SD,0,44.05,-97.84
57816,2015,7,2015-07-23,SD,0,44.04,-97.7
57817,2015,7,2015-07-23,ND,1,47.83,-98.44
57818,2015,7,2015-07-23,SD,0,44.04,-97.63
57819,2015,7,2015-07-23,ND,1,47.62,-97.28
57820,2015,7,2015-07-23,MN,1,47.47,-96.23
57821,2015,7,2015-07-24,MN,0,43.89,-94.69
57822,2015,7,2015-07-25,SD,0,45.77,-99.01
57823,2015,7,2015-07-25,SD,0,45.74,-99.0
57824,2015,7,2015-07-26,ND,0,48.21,-102.97
57825,2015,7,2015-07-26,NM,0,33.36,-105.77
57826,2015,7,2015-07-26,NE,0,42.92,-100.39
57827,2015,7,2015-07-26,NE,0,42.47,-99.74
57828,2015,7,2015-07-30,NH,0,43.29,-71.83
57829,2015,7,2015-07-31,AZ,0,32.86,-109.71
57830,2015,8,2015-08-02,NE,0,41.0,-100.77
57831,2015,8,2015-08-02,NE,0,41.06,-100.77
57832,2015,8,2015-08-02,MI,1,43.73,-83.32
57833,2015,8,2015-08-02,IA,1,41.18,-94.58
57834,2015,8,2015-08-02,IL,1,42.35,-88.1
57835,2015,8,2015-08-03,FL,0,26.65,-80.18
57836,2015,8,2015-08-03,FL,0,26.78,-80.15
57837,2015,8,2015-08-04,VA,0,37.93,-75.72
57838,2015,8,2015-08-06,MN,0,45.37,-95.33
57839,2015,8,2015-08-06,MN,0,45.36,-95.28
57840,2015,8,2015-08-06,MN,0,45.34,-95.13
57841,2015,8,2015-08-06,MN,0,45.34,-95.11
57842,2015,8,2015-08-06,MN,1,44.65,-96.31
57843,2015,8,2015-08-06,MN,0,45.34,-94.83
57844,2015,8,2015-08-06,SD,0,44.37,-96.95
57845,2015,8,2015-08-06,SD,0,44.29,-96.82
57846,2015,8,2015-08-06,AL,0,32.31,-85.08
57847,2015,8,2015-08-06,CA,1,33.56,-116.11
57848,2015,8,2015-08-06,AL,1,31.78,-85.94
57849,2015,8,2015-08-08,FL,0,29.69,-85.29
57850,2015,8,2015-08-08,SD,1,44.37,-103.99
57851,2015,8,2015-08-08,KS,0,38.13,-99.82
57852,2015,8,2015-08-08,NE,1,40.26,-96.01
57853,2015,8,2015-08-09,SD,0,43.81,-98.44
57854,2015,8,2015-08-10,WI,0,43.25,-88.08
57855,2015,8,2015-08-10,PA,0,41.0,-79.91
57856,2015,8,2015-08-13,FL,0,26.8,-80.69
57857,2015,8,2015-08-16,CO,0,40.4,-104.49
57858,2015,8,2015-08-17,CO,0,39.29,-104.53
57859,2015,8,2015-08-17,MS,0,31.59,-89.6
57860,2015,8,2015-08-17,CO,0,39.77,-103.72
57861,2015,8,2015-08-17,CO,1,39.27,-103.5
57862,2015,8,2015-08-17,CO,1,39.27,-103.48
57863,2015,8,2015-08-18,IA,0,41.92,-91.18
57864,2015,8,2015-08-18,IL,0,40.98,-88.72
57865,2015,8,2015-08-18,IL,0,40.8,-88.64
57866,2015,8,2015-08-18,IL,0,40.53,-89.32
57867,2015,8,2015-08-18,IL,0,41.72,-88.11
57868,2015,8,2015-08-18,IL,0,41.8,-88.01
57869,2015,8,2015-08-18,WI,1,42.59,-88.43
57870,2015,8,2015-08-18,WI,1,42.83,-88.27
57871,2015,8,2015-08-18,WI,0,42.98,-88.26
57872,2015,8,2015-08-20,PA,1,40.89,-77.04
57873,2015,8,2015-08-28,KS,0,37.96,-97.24
57874,2015,8,2015-08-29,AZ,0,32.07,-110.78
57875,2015,9,2015-09-08,MI,1,44.38,-84.12
57876,2015,9,2015-09-10,IL,0,40.12,-90.07
57877,2015,9,2015-09-10,KS,1,38.91,-95.97
57878,2015,9,2015-09-12,FL,0,29.98,-82.16
57879,2015,9,2015-09-16,FL,0,26.07,-80.32
57880,2015,9,2015-09-18,IL,1,41.42,-87.86
57881,2015,9,2015-09-18,KS,1,38.64,-94.95
57882,2015,9,2015-09-18,MO,1,38.64,-94.56
57883,2015,9,2015-09-18,MO,0,38.61,-94.36
57884,2015,9,2015-09-22,AZ,0,31.94,-110.18
57885,2015,9,2015-09-23,NE,0,41.21,-97.11
57886,2015,9,2015-09-24,SC,2,32.72,-80.06
57887,2015,9,2015-09-26,TX,0,27.67,-97.63
57888,2015,9,2015-09-26,TX,0,27.75,-98.03
57889,2015,9,2015-09-29,FL,0,26.25,-81.82
57890,2015,9,2015-09-29,MD,0,39.1,-76.84
57891,2015,9,2015-09-29,PA,1,40.05,-76.37
57892,2015,10,2015-10-01,FL,0,27.59,-82.63
57893,2015,10,2015-10-06,AZ,0,33.31,-112.46
57894,2015,10,2015-10-07,NM,0,32.14,-108.42
57895,2015,10,2015-10-17,CA,0,33.7,-117.14
57896,2015,10,2015-10-20,AZ,0,35.65,-109.77
57897,2015,10,2015-10-23,IA,0,42.62,-96.31
57898,2015,10,2015-10-23,IA,0,42.98,-96.02
57899,2015,10,2015-10-23,IA,0,43.03,-95.95
57900,2015,10,2015-10-23,IA,0,43.08,-95.89
57901,2015,10,2015-10-23,IA,0,43.15,-95.84
57902,2015,10,2015-10-23,IA,0,42.89,-95.54
57903,2015,10,2015-10-23,IA,0,41.99,-95.05
57904,2015,10,2015-10-24,TX,0,29.6,-95.36
57905,2015,10,2015-10-25,LA,0,29.96,-90.3
57906,2015,10,2015-10-25,LA,0,29.34,-90.84
57907,2015,10,2015-10-30,TX,0,29.33,-99.29
57908,2015,10,2015-10-30,TX,2,29.13,-98.16
57909,2015,10,2015-10-30,TX,1,26.37,-97.67
57910,2015,10,2015-10-30,TX,0,26.43,-97.61
57911,2015,10,2015-10-30,TX,2,29.62,-97.98
57912,2015,10,2015-10-30,TX,1,29.76,-97.98
57913,2015,10,2015-10-31,TX,1,28.97,-95.44
57914,2015,10,2015-10-31,TX,0,29.04,-95.46
57915,2015,10,2015-10-31,TX,0,29.29,-95.28
57916,2015,10,2015-10-31,TX,0,29.2,-95.38
57917,2015,10,2015-10-31,TX,1,29.47,-95.27
57918,2015,10,2015-10-31,TX,1,29.47,-95.31
57919,2015,10,2015-10-31,TX,0,29.6,-95.13
57920,2015,10,2015-10-31,TX,2,29.51,-95.23
57921,2015,10,2015-10-31,TX,0,29.85,-94.96
57922,2015,10,2015-10-31,TX,2,29.64,-95.11
57923,2015,10,2015-10-31,LA,1,30.89,-93.12
57924,2015,10,2015-10-31,TX,0,29.83,-95.08
57925,2015,10,2015-10-31,LA,1,31.1,-92.76
57926,2015,10,2015-10-31,LA,1,30.5,-90.64
57927,2015,10,2015-10-31,MS,1,31.11,-89.91
57928,2015,10,2015-10-31,MS,0,31.26,-89.71
57929,2015,10,2015-10-31,LA,0,30.57,-90.41
57930,2015,10,2015-10-31,MS,0,31.28,-89.36
57931,2015,10,2015-10-31,MS,1,30.7,-89.47
57932,2015,11,2015-11-01,GA,0,30.99,-84.23
57933,2015,11,2015-11-01,GA,0,31.22,-83.98
57934,2015,11,2015-11-02,FL,1,30.57,-85.55
57935,2015,11,2015-11-02,GA,0,31.6,-84.58
57936,2015,11,2015-11-02,GA,0,31.12,-84.84
57937,2015,11,2015-11-02,GA,1,31.85,-83.09
57938,2015,11,2015-11-02,GA,1,31.94,-82.82
57939,2015,11,2015-11-05,OK,0,35.4,-96.39
57940,2015,11,2015-11-05,TX,0,32.79,-97.33
57941,2015,11,2015-11-05,OK,1,33.82,-94.65
57942,2015,11,2015-11-06,MI,0,43.8,-83.02
57943,2015,11,2015-11-06,MI,1,43.34,-82.76
57944,2015,11,2015-11-06,MI,0,43.15,-82.7
57945,2015,11,2015-11-11,IA,0,40.75,-95.24
57946,2015,11,2015-11-11,IA,1,41.47,-95.39
57947,2015,11,2015-11-11,IA,1,40.72,-94.56
57948,2015,11,2015-11-11,IA,1,40.66,-94.34
57949,2015,11,2015-11-11,MO,0,40.43,-93.58
57950,2015,11,2015-11-11,IA,0,41.89,-95.01
57951,2015,11,2015-11-11,IA,1,40.76,-94.04
57952,2015,11,2015-11-11,IA,0,41.18,-94.06
57953,2015,11,2015-11-11,IA,1,41.31,-94.14
57954,2015,11,2015-11-11,IA,0,41.29,-94.06
57955,2015,11,2015-11-11,IA,0,41.73,-94.42
57956,2015,11,2015-11-11,IA,0,40.64,-93.31
57957,2015,11,2015-11-11,IA,1,41.59,-94.14
57958,2015,11,2015-11-11,IA,2,40.84,-93.09
57959,2015,11,2015-11-11,IA,0,41.52,-93.67
57960,2015,11,2015-11-11,IA,1,41.29,-93.13
57961,2015,11,2015-11-11,IA,0,41.9,-92.86
57962,2015,11,2015-11-11,IA,1,41.32,-92.42
57963,2015,11,2015-11-11,IA,2,41.42,-92.5
57964,2015,11,2015-11-11,MO,1,40.46,-92.09
57965,2015,11,2015-11-11,IA,1,41.6,-90.34
57966,2015,11,2015-11-11,IL,0,41.53,-90.25
57967,2015,11,2015-11-11,IL,1,41.5,-90.17
57968,2015,11,2015-11-15,CA,1,37.53,-120.81
57969,2015,11,2015-11-16,KS,0,37.46,-101.35
57970,2015,11,2015-11-16,KS,0,38.02,-100.66
57971,2015,11,2015-11-16,KS,0,39.0,-100.53
57972,2015,11,2015-11-16,KS,0,39.09,-100.52
57973,2015,11,2015-11-16,KS,1,39.12,-100.47
57974,2015,11,2015-11-16,KS,3,37.09,-100.87
57975,2015,11,2015-11-16,TX,0,35.75,-101.08
57976,2015,11,2015-11-16,TX,0,35.01,-101.3
57977,2015,11,2015-11-16,KS,2,38.29,-100.29
57978,2015,11,2015-11-16,TX,0,35.95,-100.96
57979,2015,11,2015-11-16,TX,0,35.21,-101.13
57980,2015,11,2015-11-16,KS,1,37.36,-100.52
57981,2015,11,2015-11-16,TX,3,35.3,-101.02
57982,2015,11,2015-11-16,KS,1,38.53,-100.0
57983,2015,11,2015-11-16,KS,1,39.58,-100.06
57984,2015,11,2015-11-16,TX,2,35.25,-101.16
57985,2015,11,2015-11-16,TX,0,36.3,-100.76
57986,2015,11,2015-11-16,TX,2,32.66,-102.45
57987,2015,11,2015-11-16,TX,1,36.36,-100.66
57988,2015,11,2015-11-16,KS,2,37.63,-100.23
57989,2015,11,2015-11-16,TX,1,36.44,-100.58
57990,2015,11,2015-11-16,KS,0,38.9,-99.75
57991,2015,11,2015-11-16,TX,3,35.46,-100.97
57992,2015,11,2015-11-16,KS,1,39.84,-99.84
57993,2015,11,2015-11-16,OK,0,36.53,-100.52
57994,2015,11,2015-11-16,TX,1,35.59,-100.83
57995,2015,11,2015-11-16,KS,1,39.92,-99.75
57996,2015,11,2015-11-16,TX,0,35.75,-101.25
57997,2015,11,2015-11-16,TX,0,35.79,-100.62
57998,2015,11,2015-11-16,TX,0,35.43,-101.63
57999,2015,11,2015-11-16,KS,1,37.0,-99.31
58000,2015,11,2015-11-16,KS,1,39.03,-99.99
58001,2015,11,2015-11-16,TX,1,36.03,-100.27
58002,2015,11,2015-11-16,TX,1,36.08,-100.86
58003,2015,11,2015-11-16,KS,1,37.22,-99.12
58004,2015,11,2015-11-16,TX,0,36.32,-100.54
58005,2015,11,2015-11-16,OK,2,36.52,-99.73
58006,2015,11,2015-11-16,OK,1,36.51,-100.28
58007,2015,11,2015-11-16,OK,1,36.95,-99.32
58008,2015,11,2015-11-17,TX,0,32.91,-97.23
58009,2015,11,2015-11-17,TX,1,33.13,-97.06
58010,2015,11,2015-11-17,TX,1,30.6,-96.12
58011,2015,11,2015-11-17,OK,1,35.44,-95.42
58012,2015,11,2015-11-17,MS,1,32.3,-90.58
58013,2015,11,2015-11-17,MS,1,32.37,-89.75
58014,2015,11,2015-11-17,MS,1,32.48,-89.7
58015,2015,11,2015-11-17,MS,1,32.53,-89.62
58016,2015,11,2015-11-18,MS,1,32.68,-89.55
58017,2015,11,2015-11-18,MS,0,32.6,-89.54
58018,2015,11,2015-11-18,MS,1,32.75,-89.47
58019,2015,11,2015-11-18,MS,1,32.84,-89.41
58020,2015,11,2015-11-18,MS,1,32.93,-89.32
58021,2015,11,2015-11-18,MS,1,33.02,-89.27
58022,2015,11,2015-11-18,MS,1,33.09,-89.22
58023,2015,11,2015-11-18,MS,0,34.18,-88.96
58024,2015,11,2015-11-18,MS,0,33.62,-88.42
58025,2015,11,2015-11-18,FL,0,30.63,-86.35
58026,2015,11,2015-11-18,FL,0,30.82,-86.23
58027,2015,11,2015-11-18,GA,1,33.5,-84.72
58028,2015,11,2015-11-18,GA,1,33.56,-84.63
58029,2015,11,2015-11-18,GA,0,33.84,-84.2
58030,2015,11,2015-11-18,FL,0,30.61,-84.68
58031,2015,12,2015-12-10,WA,1,45.77,-122.54
58032,2015,12,2015-12-12,TX,2,32.5,-95.4
58033,2015,12,2015-12-12,TX,2,30.46,-95.5
58034,2015,12,2015-12-12,TX,0,33.04,-95.3
58035,2015,12,2015-12-12,TX,1,33.39,-95.26
58036,2015,12,2015-12-12,TX,1,33.55,-95.23
58037,2015,12,2015-12-12,TX,0,35.37,-100.66
58038,2015,12,2015-12-12,OK,1,33.99,-95.26
58039,2015,12,2015-12-12,OK,2,34.01,-95.14
58040,2015,12,2015-12-21,LA,1,31.04,-92.73
58041,2015,12,2015-12-21,LA,1,31.19,-92.43
58042,2015,12,2015-12-23,SC,0,33.15,-80.03
58043,2015,12,2015-12-23,AR,1,35.43,-92.34
58044,2015,12,2015-12-23,MO,1,36.92,-90.93
58045,2015,12,2015-12-23,MO,1,37.07,-90.77
58046,2015,12,2015-12-23,MO,1,37.19,-90.56
58047,2015,12,2015-12-23,IL,0,37.88,-89.48
58048,2015,12,2015-12-23,IL,1,38.08,-89.3
58049,2015,12,2015-12-23,IL,1,38.35,-88.19
58050,2015,12,2015-12-23,IL,1,38.08,-88.2
58051,2015,12,2015-12-23,IN,1,39.61,-86.16
58052,2015,12,2015-12-23,MS,3,34.0,-90.71
58053,2015,12,2015-12-23,IN,1,40.02,-86.07
58054,2015,12,2015-12-23,AR,2,34.69,-90.77
58055,2015,12,2015-12-23,IN,1,39.45,-85.48
58056,2015,12,2015-12-23,IN,0,37.81,-87.12
58057,2015,12,2015-12-23,IN,0,39.96,-84.88
58058,2015,12,2015-12-23,MS,4,34.6,-89.71
58059,2015,12,2015-12-23,OH,0,39.99,-84.52
58060,2015,12,2015-12-23,IL,1,40.54,-90.78
58061,2015,12,2015-12-23,IL,0,41.32,-90.77
58062,2015,12,2015-12-23,IA,1,42.05,-91.72
58063,2015,12,2015-12-23,TN,1,35.55,-89.07
58064,2015,12,2015-12-23,IA,1,42.61,-91.1
58065,2015,12,2015-12-23,MI,1,42.33,-83.46
58066,2015,12,2015-12-23,MS,1,34.66,-88.69
58067,2015,12,2015-12-23,TN,2,35.55,-87.81
58068,2015,12,2015-12-23,TN,3,35.14,-87.97
58069,2015,12,2015-12-23,AL,2,34.95,-88.07
58070,2015,12,2015-12-23,KY,1,38.72,-84.37
58071,2015,12,2015-12-23,TN,2,36.06,-85.97
58072,2015,12,2015-12-23,WV,0,39.25,-81.6
58073,2015,12,2015-12-24,AL,0,32.03,-85.34
58074,2015,12,2015-12-24,AL,0,31.88,-85.59
58075,2015,12,2015-12-24,GA,0,32.82,-84.13
58076,2015,12,2015-12-24,CA,1,38.7,-121.12
58077,2015,12,2015-12-24,CA,0,37.62,-120.96
58078,2015,12,2015-12-25,TN,1,35.49,-86.41
58079,2015,12,2015-12-25,AL,0,33.11,-87.35
58080,2015,12,2015-12-25,MS,0,32.11,-89.38
58081,2015,12,2015-12-25,AL,2,33.44,-86.91
58082,2015,12,2015-12-26,OK,0,34.94,-96.96
58083,2015,12,2015-12-26,TX,0,31.89,-96.81
58084,2015,12,2015-12-26,TX,0,32.33,-95.99
58085,2015,12,2015-12-26,TX,0,32.9,-95.73
58086,2015,12,2015-12-26,TX,0,32.04,-97.16
58087,2015,12,2015-12-26,TX,0,33.02,-95.63
58088,2015,12,2015-12-26,TX,0,32.33,-97.01
58089,2015,12,2015-12-26,TX,3,32.46,-96.91
58090,2015,12,2015-12-26,TX,4,32.8,-96.59
58091,2015,12,2015-12-26,TX,0,32.39,-96.53
58092,2015,12,2015-12-26,TX,2,33.06,-96.43
58093,2015,12,2015-12-26,TX,1,33.16,-96.4
58094,2015,12,2015-12-26,TX,1,33.27,-96.35
58095,2015,12,2015-12-27,TX,0,33.5,-94.67
58096,2015,12,2015-12-27,TX,1,32.73,-94.99
58097,2015,12,2015-12-27,AR,1,33.64,-92.65
58098,2015,12,2015-12-27,AR,1,33.51,-93.53
58099,2015,12,2015-12-27,AR,1,33.43,-92.55
58100,2015,12,2015-12-27,AR,1,33.48,-93.28
58101,2015,12,2015-12-27,TX,2,32.62,-94.32
58102,2015,12,2015-12-27,AR,1,33.45,-92.17
58103,2015,12,2015-12-27,TX,1,32.9,-94.22
58104,2015,12,2015-12-27,AR,1,33.58,-91.96
58105,2015,12,2015-12-27,LA,1,32.6,-94.02
58106,2015,12,2015-12-27,LA,1,32.61,-93.88
58107,2015,12,2015-12-27,LA,1,32.76,-93.13
58108,2015,12,2015-12-28,LA,1,30.5,-90.83
58109,2015,12,2015-12-28,LA,1,30.08,-90.54
58110,2015,12,2015-12-28,AR,2,34.7,-90.92
58111,2015,12,2015-12-28,MS,1,31.54,-89.53
58112,2015,12,2015-12-28,FL,1,30.76,-87.24
58113,2015,12,2015-12-28,NC,0,34.88,-80.53
59165,2014,1,2014-01-11,GA,0,34.33,-84.53
59166,2014,1,2014-01-11,VA,0,37.02,-76.64
59167,2014,1,2014-01-11,VA,0,36.88,-76.67
59168,2014,1,2014-01-11,VA,0,37.08,-76.3
59169,2014,2,2014-02-20,IL,2,39.52,-90.84
59170,2014,2,2014-02-20,IL,0,39.79,-90.42
59171,2014,2,2014-02-20,IL,0,39.82,-90.42
59172,2014,2,2014-02-20,IL,0,39.57,-89.63
59173,2014,2,2014-02-20,IL,1,38.76,-89.62
59174,2014,2,2014-02-20,IL,2,39.26,-89.23
59175,2014,2,2014-02-20,IL,1,39.02,-89.0
59176,2014,2,2014-02-20,MO,1,36.19,-89.88
59177,2014,2,2014-02-20,IL,1,37.7,-89.37
59178,2014,2,2014-02-20,IL,0,39.52,-88.81
59179,2014,2,2014-02-20,MO,1,36.23,-89.8
59180,2014,2,2014-02-20,IL,1,39.18,-88.72
59181,2014,2,2014-02-20,IL,0,39.78,-87.74
59182,2014,2,2014-02-20,IN,0,40.0,-86.87
59183,2014,2,2014-02-20,KY,0,37.48,-87.9
59184,2014,2,2014-02-20,MS,0,31.07,-90.0
59185,2014,2,2014-02-20,KY,0,37.1,-87.75
59186,2014,2,2014-02-20,MS,0,31.25,-89.77
59187,2014,2,2014-02-20,IN,0,39.66,-85.57
59188,2014,2,2014-02-20,LA,1,30.69,-92.39
59189,2014,2,2014-02-20,AL,1,34.69,-87.26
59190,2014,2,2014-02-20,AL,1,34.79,-87.31
59191,2014,2,2014-02-20,AL,1,34.9,-87.28
59192,2014,2,2014-02-20,AL,1,34.88,-87.07
59193,2014,2,2014-02-20,IN,1,39.18,-85.29
59194,2014,2,2014-02-20,MS,1,31.45,-89.37
59195,2014,2,2014-02-20,MS,0,31.61,-89.25
59196,2014,2,2014-02-20,TN,1,35.19,-86.33
59197,2014,2,2014-02-20,OH,0,39.89,-84.41
59198,2014,2,2014-02-20,TN,1,35.18,-86.2
59199,2014,2,2014-02-20,TN,1,35.29,-85.99
59200,2014,2,2014-02-20,TN,1,35.33,-85.93
59201,2014,2,2014-02-20,OH,0,40.3,-82.97
59202,2014,2,2014-02-21,AL,2,34.49,-85.68
59203,2014,2,2014-02-21,AL,0,33.65,-86.47
59204,2014,2,2014-02-21,GA,2,32.57,-82.98
59205,2014,2,2014-02-21,GA,0,31.43,-83.58
59206,2014,2,2014-02-21,NC,0,34.67,-79.29
59207,2014,2,2014-02-21,MD,0,38.24,-76.68
59208,2014,2,2014-02-21,NC,0,34.8,-78.98
59209,2014,2,2014-02-21,NC,1,35.28,-78.26
59210,2014,2,2014-02-28,CA,0,38.63,-121.71
59211,2014,3,2014-03-01,AZ,0,33.42,-111.85
59212,2014,3,2014-03-06,FL,0,27.86,-82.85
59213,2014,3,2014-03-06,FL,0,27.98,-82.6
59214,2014,3,2014-03-06,FL,0,26.58,-80.71
59215,2014,3,2014-03-25,CA,0,39.71,-121.67
59216,2014,3,2014-03-26,CA,0,38.81,-121.53
59217,2014,3,2014-03-26,CA,1,39.59,-122.09
59218,2014,3,2014-03-26,CA,1,39.57,-122.1
59219,2014,3,2014-03-26,CA,1,39.58,-122.14
59220,2014,3,2014-03-26,CA,0,38.76,-121.42
59221,2014,3,2014-03-27,MO,1,39.91,-94.2
59222,2014,3,2014-03-27,MO,2,40.03,-94.0
59223,2014,3,2014-03-27,IA,0,40.99,-93.77
59224,2014,3,2014-03-27,MO,0,40.1,-93.66
59225,2014,3,2014-03-28,LA,1,31.42,-92.42
59226,2014,3,2014-03-29,FL,0,28.39,-81.13
59227,2014,3,2014-03-29,NC,0,35.59,-78.69
59228,2014,3,2014-03-29,NC,0,35.65,-78.63
59229,2014,3,2014-03-29,CA,0,39.84,-121.97
59230,2014,3,2014-03-31,MN,0,44.55,-95.99
59231,2014,4,2014-04-02,KS,0,37.0,-98.37
59232,2014,4,2014-04-02,KS,0,37.26,-95.97
59233,2014,4,2014-04-03,MO,1,38.67,-90.36
59234,2014,4,2014-04-03,IL,1,38.11,-88.23
59235,2014,4,2014-04-03,TX,0,33.19,-96.52
59236,2014,4,2014-04-03,MO,0,36.75,-90.58
59237,2014,4,2014-04-03,TX,1,33.2,-96.25
59238,2014,4,2014-04-03,IL,0,37.47,-89.31
59239,2014,4,2014-04-03,IL,0,37.51,-89.17
59240,2014,4,2014-04-03,MO,1,36.8,-90.21
59241,2014,4,2014-04-03,IL,0,37.54,-89.09
59242,2014,4,2014-04-03,MO,1,36.8,-90.2
59243,2014,4,2014-04-03,TX,0,33.27,-95.59
59244,2014,4,2014-04-03,IL,1,37.62,-88.89
59245,2014,4,2014-04-03,MO,2,36.68,-90.87
59246,2014,4,2014-04-04,LA,1,30.4,-93.18
59247,2014,4,2014-04-04,LA,0,30.37,-92.5
59248,2014,4,2014-04-06,MS,1,32.8,-89.01
59249,2014,4,2014-04-07,MS,2,31.67,-89.66
59250,2014,4,2014-04-07,GA,1,31.54,-83.27
59251,2014,4,2014-04-07,NC,2,35.57,-76.66
59252,2014,4,2014-04-07,NC,1,35.6,-76.54
59253,2014,4,2014-04-07,FL,0,30.39,-84.14
59254,2014,4,2014-04-07,GA,0,33.3,-84.39
59255,2014,4,2014-04-13,TX,0,33.02,-94.97
59256,2014,4,2014-04-13,TX,1,31.13,-95.45
59257,2014,4,2014-04-13,IA,0,41.49,-91.44
59258,2014,4,2014-04-13,OK,0,34.59,-97.71
59259,2014,4,2014-04-13,OK,0,34.58,-97.66
59260,2014,4,2014-04-13,AR,1,35.37,-94.04
59261,2014,4,2014-04-20,KS,0,39.4,-100.94
59262,2014,4,2014-04-20,TX,0,34.51,-100.07
59263,2014,4,2014-04-20,KS,0,39.61,-101.15
59264,2014,4,2014-04-24,NC,1,36.2,-77.95
59265,2014,4,2014-04-24,IL,1,37.73,-89.34
59266,2014,4,2014-04-25,NC,0,35.48,-77.78
59267,2014,4,2014-04-25,NC,1,35.53,-77.74
59268,2014,4,2014-04-25,NC,0,35.6,-77.46
59269,2014,4,2014-04-25,NC,2,36.05,-76.74
59270,2014,4,2014-04-25,NC,2,36.06,-76.7
59271,2014,4,2014-04-25,NC,2,35.47,-77.26
59272,2014,4,2014-04-25,NC,3,35.51,-77.12
59273,2014,4,2014-04-25,NC,1,36.2,-76.28
59274,2014,4,2014-04-25,NC,0,36.34,-76.24
59275,2014,4,2014-04-25,NC,0,36.2,-75.87
59276,2014,4,2014-04-27,MO,0,38.99,-93.97
59277,2014,4,2014-04-27,NE,0,40.34,-98.89
59278,2014,4,2014-04-27,IA,1,41.13,-92.31
59279,2014,4,2014-04-27,NE,0,40.95,-97.71
59280,2014,4,2014-04-27,IA,0,41.96,-91.38
59281,2014,4,2014-04-27,NE,0,41.2,-97.71
59282,2014,4,2014-04-27,OK,2,36.91,-94.82
59283,2014,4,2014-04-27,OK,1,34.55,-94.71
59284,2014,4,2014-04-27,KS,2,37.93,-94.71
59285,2014,4,2014-04-27,KS,2,38.04,-94.64
59286,2014,4,2014-04-27,MO,0,37.73,-94.4
59287,2014,4,2014-04-27,AR,4,34.78,-92.65
59288,2014,4,2014-04-27,WA,0,46.86,-122.26
59289,2014,4,2014-04-27,AR,2,35.25,-91.92
59290,2014,4,2014-04-27,AR,0,35.42,-91.67
59291,2014,4,2014-04-27,AR,1,35.46,-91.64
59292,2014,4,2014-04-27,AR,1,35.54,-91.55
59293,2014,4,2014-04-27,MO,0,36.91,-92.81
59294,2014,4,2014-04-28,LA,2,32.89,-93.88
59295,2014,4,2014-04-28,TN,0,35.36,-89.75
59296,2014,4,2014-04-28,TN,1,35.88,-85.29
59297,2014,4,2014-04-28,MS,0,32.75,-90.61
59298,2014,4,2014-04-28,MS,3,34.23,-88.82
59299,2014,4,2014-04-28,MS,1,33.4,-89.66
59300,2014,4,2014-04-28,MS,4,32.88,-89.43
59301,2014,4,2014-04-28,AL,1,34.52,-87.75
59302,2014,4,2014-04-28,AL,3,34.78,-87.23
59303,2014,4,2014-04-28,MS,1,32.28,-90.87
59304,2014,4,2014-04-28,TN,2,36.43,-89.14
59305,2014,4,2014-04-28,MS,1,33.23,-88.79
59306,2014,4,2014-04-28,MS,1,32.36,-90.6
59307,2014,4,2014-04-28,AL,0,34.19,-88.0
59308,2014,4,2014-04-28,MS,1,33.3,-88.63
59309,2014,4,2014-04-28,KY,0,36.65,-88.87
59310,2014,4,2014-04-28,MS,1,32.12,-90.64
59311,2014,4,2014-04-28,AL,1,34.95,-86.65
59312,2014,4,2014-04-28,MS,2,33.37,-88.54
59313,2014,4,2014-04-28,MS,1,32.51,-90.19
59314,2014,4,2014-04-28,GA,2,33.12,-85.06
59315,2014,4,2014-04-28,MS,1,33.49,-88.39
59316,2014,4,2014-04-28,TN,2,35.02,-86.49
59317,2014,4,2014-04-28,MS,0,32.59,-90.1
59318,2014,4,2014-04-28,MS,1,33.53,-88.3
59319,2014,4,2014-04-28,MS,3,32.23,-90.22
59320,2014,4,2014-04-28,MS,2,33.44,-88.41
59321,2014,4,2014-04-28,MS,1,32.67,-89.42
59322,2014,4,2014-04-28,AL,1,33.89,-87.71
59323,2014,4,2014-04-28,MS,3,32.37,-89.46
59324,2014,4,2014-04-28,MS,1,32.38,-89.28
59325,2014,4,2014-04-28,TN,3,35.01,-86.55
59326,2014,4,2014-04-28,MS,2,32.41,-89.11
59327,2014,4,2014-04-28,AL,1,34.79,-85.66
59328,2014,4,2014-04-28,MS,1,32.43,-88.94
59329,2014,4,2014-04-28,AL,1,33.83,-87.19
59330,2014,4,2014-04-28,AL,1,32.42,-88.27
59331,2014,4,2014-04-28,AL,3,34.1,-86.76
59332,2014,4,2014-04-28,MS,3,31.74,-89.09
59333,2014,4,2014-04-28,AL,1,33.06,-87.63
59334,2014,4,2014-04-28,AL,1,33.75,-86.83
59335,2014,4,2014-04-28,GA,1,34.95,-84.87
59336,2014,4,2014-04-28,MS,2,31.76,-88.76
59337,2014,4,2014-04-28,AL,2,33.59,-87.01
59338,2014,4,2014-04-28,AL,1,33.31,-87.22
59339,2014,4,2014-04-28,AL,1,33.32,-87.11
59340,2014,4,2014-04-28,AL,2,33.36,-87.0
59341,2014,4,2014-04-28,AL,1,33.89,-86.49
59342,2014,4,2014-04-28,AL,1,31.58,-87.76
59343,2014,4,2014-04-28,AL,2,33.8,-86.54
59344,2014,4,2014-04-28,AL,3,34.17,-86.04
59345,2014,4,2014-04-28,AL,2,34.31,-85.93
59346,2014,4,2014-04-29,AL,2,34.35,-85.84
59347,2014,4,2014-04-29,AL,1,34.09,-86.16
59348,2014,4,2014-04-29,AL,0,34.22,-86.08
59349,2014,4,2014-04-29,AL,1,34.5,-85.62
59350,2014,4,2014-04-29,AL,1,34.43,-85.65
59351,2014,4,2014-04-29,AL,0,32.42,-85.46
59352,2014,4,2014-04-29,AL,3,32.47,-85.23
59353,2014,4,2014-04-29,NC,0,35.17,-77.35
59354,2014,4,2014-04-29,NC,1,35.02,-78.68
59355,2014,4,2014-04-29,NC,0,35.85,-77.43
59356,2014,4,2014-04-29,NC,0,35.44,-77.79
59357,2014,4,2014-04-29,NC,1,35.15,-78.39
59358,2014,4,2014-04-30,FL,1,30.88,-85.53
59359,2014,4,2014-04-30,FL,1,30.88,-85.36
59360,2014,5,2014-05-06,WY,0,43.22,-108.38
59361,2014,5,2014-05-06,WY,1,43.3,-108.34
59362,2014,5,2014-05-07,WY,0,41.91,-109.39
59363,2014,5,2014-05-07,CO,0,40.23,-104.81
59364,2014,5,2014-05-07,CO,0,40.02,-103.03
59365,2014,5,2014-05-07,CO,0,40.13,-103.08
59366,2014,5,2014-05-07,CO,0,40.6,-102.63
59367,2014,5,2014-05-07,TX,0,34.03,-98.6
59368,2014,5,2014-05-07,OK,0,34.77,-98.7
59369,2014,5,2014-05-08,MO,0,36.75,-93.98
59370,2014,5,2014-05-08,TX,0,32.76,-96.89
59371,2014,5,2014-05-08,CO,0,39.08,-103.62
59372,2014,5,2014-05-08,CO,0,39.05,-103.57
59373,2014,5,2014-05-08,MN,0,43.96,-94.61
59374,2014,5,2014-05-08,MN,0,44.11,-94.38
59375,2014,5,2014-05-08,MO,1,37.0,-92.71
59376,2014,5,2014-05-08,AR,1,35.31,-93.12
59377,2014,5,2014-05-10,ID,0,43.99,-112.61
59378,2014,5,2014-05-10,AL,1,31.0,-85.64
59379,2014,5,2014-05-10,MO,2,39.21,-94.19
59380,2014,5,2014-05-10,MO,0,39.21,-93.87
59381,2014,5,2014-05-10,MO,1,39.17,-93.17
59382,2014,5,2014-05-10,KS,0,37.66,-96.28
59383,2014,5,2014-05-11,NE,0,40.38,-98.27
59384,2014,5,2014-05-11,NE,3,40.49,-98.12
59385,2014,5,2014-05-11,IA,0,40.61,-91.56
59386,2014,5,2014-05-11,NE,2,40.66,-97.73
59387,2014,5,2014-05-11,NE,0,40.62,-97.7
59388,2014,5,2014-05-11,NE,1,40.64,-97.59
59389,2014,5,2014-05-11,NE,3,40.69,-97.45
59390,2014,5,2014-05-11,NE,0,40.75,-97.39
59391,2014,5,2014-05-11,NE,0,40.79,-97.29
59392,2014,5,2014-05-11,NE,2,40.77,-97.2
59393,2014,5,2014-05-11,NE,2,40.87,-97.04
59394,2014,5,2014-05-11,NE,1,40.74,-97.38
59395,2014,5,2014-05-11,NE,1,40.92,-96.91
59396,2014,5,2014-05-11,NE,2,40.97,-96.8
59397,2014,5,2014-05-11,KS,1,38.14,-99.22
59398,2014,5,2014-05-11,NE,1,40.96,-96.8
59399,2014,5,2014-05-11,NE,0,41.06,-96.61
59400,2014,5,2014-05-11,KS,0,37.88,-99.47
59401,2014,5,2014-05-11,NE,1,40.3,-97.27
59402,2014,5,2014-05-11,NE,1,41.16,-96.38
59403,2014,5,2014-05-11,NE,1,41.3,-96.25
59404,2014,5,2014-05-11,SD,0,42.87,-96.73
59405,2014,5,2014-05-11,IA,1,43.1,-96.01
59406,2014,5,2014-05-11,KS,0,38.18,-98.56
59407,2014,5,2014-05-11,IA,0,43.1,-95.93
59408,2014,5,2014-05-11,IA,0,43.18,-95.81
59409,2014,5,2014-05-11,KS,0,37.52,-98.92
59410,2014,5,2014-05-11,KS,0,38.19,-98.23
59411,2014,5,2014-05-11,KS,0,38.23,-98.22
59412,2014,5,2014-05-11,IA,2,41.61,-94.51
59413,2014,5,2014-05-11,KS,0,38.3,-97.79
59414,2014,5,2014-05-11,KS,0,38.22,-97.8
59415,2014,5,2014-05-11,IA,1,41.72,-94.42
59416,2014,5,2014-05-11,KS,0,38.36,-97.63
59417,2014,5,2014-05-11,IA,0,41.74,-93.98
59418,2014,5,2014-05-11,IA,0,41.95,-93.76
59419,2014,5,2014-05-12,OH,0,41.35,-82.03
59420,2014,5,2014-05-12,OH,0,41.09,-81.86
59421,2014,5,2014-05-14,KY,0,37.93,-85.59
59422,2014,5,2014-05-14,AL,0,31.95,-85.74
59423,2014,5,2014-05-14,AL,0,32.9,-85.93
59424,2014,5,2014-05-14,AL,0,33.25,-85.95
59425,2014,5,2014-05-14,NE,0,42.07,-103.24
59426,2014,5,2014-05-14,KY,2,36.91,-87.45
59427,2014,5,2014-05-14,OH,3,39.68,-83.85
59428,2014,5,2014-05-14,GA,0,32.19,-83.18
59429,2014,5,2014-05-14,GA,1,34.35,-83.5
59430,2014,5,2014-05-15,NC,0,35.13,-80.9
59431,2014,5,2014-05-15,FL,1,30.16,-82.79
59432,2014,5,2014-05-15,FL,0,25.79,-80.33
59433,2014,5,2014-05-15,NC,1,35.95,-78.93
59434,2014,5,2014-05-15,PA,0,41.13,-77.43
59435,2014,5,2014-05-16,VA,0,38.96,-77.7
59436,2014,5,2014-05-18,MT,0,45.16,-105.16
59437,2014,5,2014-05-18,NE,0,42.01,-103.45
59438,2014,5,2014-05-18,NE,0,42.1,-103.15
59439,2014,5,2014-05-20,NE,0,41.93,-103.92
59440,2014,5,2014-05-21,NV,0,40.85,-115.74
59441,2014,5,2014-05-21,NV,0,40.84,-115.78
59442,2014,5,2014-05-21,CO,0,39.7,-104.81
59443,2014,5,2014-05-21,CO,0,39.76,-104.81
59444,2014,5,2014-05-21,CO,0,39.75,-104.6
59445,2014,5,2014-05-21,CO,0,39.73,-104.17
59446,2014,5,2014-05-21,CO,0,39.87,-104.04
59447,2014,5,2014-05-21,NV,0,40.21,-116.93
59448,2014,5,2014-05-21,ID,0,42.85,-113.05
59449,2014,5,2014-05-21,WY,0,42.2,-105.0
59450,2014,5,2014-05-22,CO,0,37.6,-105.61
59451,2014,5,2014-05-22,NY,3,42.82,-74.19
59452,2014,5,2014-05-22,DE,1,39.1,-75.67
59453,2014,5,2014-05-22,VA,0,37.26,-77.24
59454,2014,5,2014-05-22,VA,0,37.78,-76.94
59455,2014,5,2014-05-22,VA,0,37.05,-77.1
59456,2014,5,2014-05-23,WY,0,42.73,-106.42
59457,2014,5,2014-05-23,NM,0,32.27,-103.47
59458,2014,5,2014-05-24,WY,0,44.92,-108.44
59459,2014,5,2014-05-24,TX,0,30.93,-101.84
59460,2014,5,2014-05-25,CO,0,38.93,-105.27
59461,2014,5,2014-05-25,TX,0,30.38,-102.87
59462,2014,5,2014-05-26,TX,0,30.09,-97.46
59463,2014,5,2014-05-26,ME,0,46.15,-67.99
59464,2014,5,2014-05-26,TX,0,32.5,-102.11
59465,2014,5,2014-05-26,TX,0,28.06,-97.65
59466,2014,5,2014-05-26,TX,2,32.29,-101.29
59467,2014,5,2014-05-26,TX,0,33.51,-102.2
59468,2014,5,2014-05-26,TX,0,31.89,-101.59
59469,2014,5,2014-05-26,TX,0,31.87,-101.38
59470,2014,5,2014-05-26,TX,0,31.85,-101.36
59471,2014,5,2014-05-26,TX,0,31.72,-101.21
59472,2014,5,2014-05-26,ND,2,47.71,-103.28
59473,2014,5,2014-05-27,OK,0,35.61,-96.07
59474,2014,5,2014-05-27,OK,0,34.18,-97.68
59475,2014,5,2014-05-27,OK,0,34.51,-98.49
59476,2014,5,2014-05-27,SD,1,44.11,-103.59
59477,2014,5,2014-05-27,TX,1,27.75,-98.05
59478,2014,5,2014-05-27,TX,1,27.36,-98.13
59479,2014,5,2014-05-28,LA,1,30.04,-90.6
59480,2014,5,2014-05-28,IL,0,40.37,-88.76
59481,2014,5,2014-05-28,IL,0,40.76,-89.0
59482,2014,5,2014-05-30,FL,0,26.73,-81.16
59483,2014,5,2014-05-30,FL,0,27.82,-82.27
59484,2014,5,2014-05-30,SD,0,44.6,-99.28
59485,2014,5,2014-05-30,SD,0,44.65,-99.31
59486,2014,5,2014-05-31,SC,0,32.6,-80.09
59487,2014,5,2014-05-31,WY,0,43.34,-110.01
59488,2014,5,2014-05-31,MT,0,46.73,-106.76
59489,2014,5,2014-05-31,MT,0,45.86,-105.68
59490,2014,6,2014-06-01,IA,0,43.37,-93.93
59491,2014,6,2014-06-01,KS,0,39.77,-97.9
59492,2014,6,2014-06-01,KS,0,39.71,-97.58
59493,2014,6,2014-06-01,ND,0,46.85,-97.29
59494,2014,6,2014-06-01,ND,0,46.98,-98.94
59495,2014,6,2014-06-02,KY,1,37.01,-88.51
59496,2014,6,2014-06-03,WY,0,43.77,-108.86
59497,2014,6,2014-06-03,NE,0,41.73,-99.06
59498,2014,6,2014-06-03,NE,0,41.64,-98.53
59499,2014,6,2014-06-03,IA,2,41.32,-95.56
59500,2014,6,2014-06-03,KS,0,38.11,-101.26
59501,2014,6,2014-06-03,KS,3,39.97,-96.05
59502,2014,6,2014-06-03,NE,1,40.92,-97.9
59503,2014,6,2014-06-03,KS,1,39.72,-95.47
59504,2014,6,2014-06-04,IL,0,39.17,-90.31
59505,2014,6,2014-06-04,OH,0,38.64,-83.22
59506,2014,6,2014-06-04,OH,0,39.19,-83.82
59507,2014,6,2014-06-04,CO,0,39.76,-104.4
59508,2014,6,2014-06-04,KY,1,37.54,-87.97
59509,2014,6,2014-06-04,KY,1,37.5,-87.91
59510,2014,6,2014-06-04,WV,1,38.48,-82.22
59511,2014,6,2014-06-04,CO,0,39.56,-103.58
59512,2014,6,2014-06-04,CO,1,39.3,-103.74
59513,2014,6,2014-06-04,CO,0,39.17,-103.32
59514,2014,6,2014-06-05,SD,0,43.63,-96.9
59515,2014,6,2014-06-05,NE,1,42.18,-96.5
59516,2014,6,2014-06-05,SD,0,43.41,-96.66
59517,2014,6,2014-06-05,ND,0,46.02,-97.94
59518,2014,6,2014-06-05,AL,1,34.71,-86.98
59519,2014,6,2014-06-05,ND,0,46.75,-97.31
59520,2014,6,2014-06-05,MN,0,43.71,-96.32
59521,2014,6,2014-06-05,GA,0,34.61,-84.55
59522,2014,6,2014-06-05,MN,0,43.92,-95.94
59523,2014,6,2014-06-05,CO,0,38.16,-102.97
59524,2014,6,2014-06-06,NE,0,42.78,-102.16
59525,2014,6,2014-06-06,NE,0,42.94,-101.28
59526,2014,6,2014-06-06,AR,1,35.79,-91.64
59527,2014,6,2014-06-06,CO,1,37.15,-104.41
59528,2014,6,2014-06-06,NE,0,41.13,-103.89
59529,2014,6,2014-06-06,CO,0,40.85,-104.27
59530,2014,6,2014-06-06,AR,1,35.4,-91.13
59531,2014,6,2014-06-06,CO,0,40.17,-104.33
59532,2014,6,2014-06-06,CO,1,37.19,-104.18
59533,2014,6,2014-06-06,CO,0,40.82,-102.61
59534,2014,6,2014-06-06,NM,0,36.51,-104.22
59535,2014,6,2014-06-06,NM,0,34.49,-103.33
59536,2014,6,2014-06-06,KS,0,37.99,-101.22
59537,2014,6,2014-06-06,KS,0,37.98,-101.15
59538,2014,6,2014-06-06,KS,0,38.01,-101.13
59539,2014,6,2014-06-06,TX,0,35.7,-102.51
59540,2014,6,2014-06-06,SC,0,33.19,-80.96
59541,2014,6,2014-06-06,TX,0,36.08,-100.93
59542,2014,6,2014-06-07,NM,0,36.25,-103.28
59543,2014,6,2014-06-07,MO,0,38.37,-91.47
59544,2014,6,2014-06-07,KY,1,36.56,-89.5
59545,2014,6,2014-06-07,MO,0,38.74,-90.6
59546,2014,6,2014-06-07,MO,0,38.78,-90.46
59547,2014,6,2014-06-07,IL,0,38.17,-90.22
59548,2014,6,2014-06-07,IL,0,38.2,-90.06
59549,2014,6,2014-06-07,NM,0,34.26,-105.61
59550,2014,6,2014-06-07,NM,0,34.25,-105.64
59551,2014,6,2014-06-07,NM,0,33.69,-104.53
59552,2014,6,2014-06-07,GA,0,33.01,-85.15
59553,2014,6,2014-06-08,CO,1,39.11,-105.06
59554,2014,6,2014-06-08,CO,0,39.16,-104.92
59555,2014,6,2014-06-08,CO,2,38.98,-105.44
59556,2014,6,2014-06-08,CO,0,40.84,-104.23
59557,2014,6,2014-06-08,CO,1,39.7,-104.81
59558,2014,6,2014-06-08,CO,1,39.02,-105.33
59559,2014,6,2014-06-08,WY,0,41.07,-104.25
59560,2014,6,2014-06-08,CO,0,39.14,-104.82
59561,2014,6,2014-06-08,CO,0,40.12,-104.34
59562,2014,6,2014-06-08,CO,0,39.55,-104.32
59563,2014,6,2014-06-08,CO,0,39.55,-104.32
59564,2014,6,2014-06-08,NM,1,33.7,-105.38
59565,2014,6,2014-06-08,NM,0,35.91,-104.83
59566,2014,6,2014-06-08,NM,0,36.44,-104.59
59567,2014,6,2014-06-08,NM,0,36.5,-104.54
59568,2014,6,2014-06-08,WV,1,39.46,-77.98
59569,2014,6,2014-06-08,NM,0,32.35,-104.08
59570,2014,6,2014-06-09,TX,0,33.55,-94.8
59571,2014,6,2014-06-09,AL,1,34.58,-87.56
59572,2014,6,2014-06-09,SC,0,33.32,-80.58
59573,2014,6,2014-06-10,AL,1,34.64,-86.02
59574,2014,6,2014-06-10,TN,0,35.88,-84.51
59575,2014,6,2014-06-10,IN,0,38.99,-86.94
59576,2014,6,2014-06-11,ND,0,48.11,-98.81
59577,2014,6,2014-06-11,KS,0,38.52,-101.69
59578,2014,6,2014-06-11,MI,1,43.24,-84.21
59579,2014,6,2014-06-11,PA,1,40.02,-78.42
59580,2014,6,2014-06-11,MN,1,46.55,-94.95
59581,2014,6,2014-06-11,SD,1,45.66,-97.67
59582,2014,6,2014-06-11,KS,1,38.71,-101.1
59583,2014,6,2014-06-11,TX,0,31.49,-100.39
59584,2014,6,2014-06-11,TX,0,31.45,-100.38
59585,2014,6,2014-06-12,TX,0,30.93,-98.04
59586,2014,6,2014-06-12,TX,2,30.87,-98.09
59587,2014,6,2014-06-12,MS,1,34.03,-88.82
59588,2014,6,2014-06-13,WY,2,44.71,-104.57
59589,2014,6,2014-06-13,MT,0,48.43,-109.23
59590,2014,6,2014-06-14,KS,1,39.46,-99.46
59591,2014,6,2014-06-14,CO,0,39.56,-103.53
59592,2014,6,2014-06-14,NE,0,40.29,-99.06
59593,2014,6,2014-06-14,NE,0,40.05,-98.69
59594,2014,6,2014-06-14,NE,0,40.72,-98.22
59595,2014,6,2014-06-14,NE,0,40.72,-98.22
59596,2014,6,2014-06-15,MO,0,38.73,-94.54
59597,2014,6,2014-06-16,NE,0,41.86,-97.36
59598,2014,6,2014-06-16,NE,4,41.89,-97.33
59599,2014,6,2014-06-16,IA,0,43.37,-96.31
59600,2014,6,2014-06-16,NE,4,41.95,-97.14
59601,2014,6,2014-06-16,NE,4,41.97,-97.04
59602,2014,6,2014-06-16,NE,4,42.13,-96.87
59603,2014,6,2014-06-16,NE,0,42.36,-96.59
59604,2014,6,2014-06-16,IA,0,42.9,-94.63
59605,2014,6,2014-06-16,IA,0,42.77,-94.13
59606,2014,6,2014-06-16,NE,0,41.7,-99.37
59607,2014,6,2014-06-16,NE,1,41.76,-99.24
59608,2014,6,2014-06-16,IA,1,43.21,-93.31
59609,2014,6,2014-06-16,IA,1,42.88,-93.51
59610,2014,6,2014-06-16,IA,0,43.22,-93.21
59611,2014,6,2014-06-16,NE,2,41.8,-99.14
59612,2014,6,2014-06-16,NE,2,41.84,-99.0
59613,2014,6,2014-06-16,NE,2,41.83,-98.96
59614,2014,6,2014-06-16,NE,0,41.83,-98.95
59615,2014,6,2014-06-16,IA,1,42.79,-92.82
59616,2014,6,2014-06-16,IA,0,42.78,-92.75
59617,2014,6,2014-06-16,IA,1,42.78,-92.63
59618,2014,6,2014-06-16,IA,0,42.81,-92.33
59619,2014,6,2014-06-16,ND,0,46.71,-102.9
59620,2014,6,2014-06-16,IA,1,42.54,-91.65
59621,2014,6,2014-06-16,IA,0,41.98,-91.87
59622,2014,6,2014-06-16,WI,2,42.74,-90.52
59623,2014,6,2014-06-16,WI,1,42.75,-90.47
59624,2014,6,2014-06-16,WI,1,42.81,-90.37
59625,2014,6,2014-06-16,WI,1,42.81,-90.37
59626,2014,6,2014-06-16,WI,1,42.82,-90.26
59627,2014,6,2014-06-16,WI,1,42.83,-89.78
59628,2014,6,2014-06-16,WI,1,42.82,-89.79
59629,2014,6,2014-06-16,WI,3,43.0,-89.56
59630,2014,6,2014-06-16,WI,2,43.04,-89.48
59631,2014,6,2014-06-16,WI,1,43.08,-89.37
59632,2014,6,2014-06-17,WI,1,42.53,-89.61
59633,2014,6,2014-06-17,MI,1,44.37,-83.82
59634,2014,6,2014-06-17,MT,3,45.48,-104.18
59635,2014,6,2014-06-17,MT,0,47.72,-106.7
59636,2014,6,2014-06-17,NE,0,42.99,-101.88
59637,2014,6,2014-06-17,NE,0,42.58,-101.76
59638,2014,6,2014-06-17,NE,0,42.51,-101.71
59639,2014,6,2014-06-17,NE,0,42.43,-101.55
59640,2014,6,2014-06-17,NE,1,42.56,-97.31
59641,2014,6,2014-06-17,NE,3,42.54,-97.26
59642,2014,6,2014-06-17,NE,0,42.12,-101.15
59643,2014,6,2014-06-17,NY,1,43.13,-75.58
59644,2014,6,2014-06-17,NE,0,41.96,-101.27
59645,2014,6,2014-06-17,NE,1,42.51,-97.05
59646,2014,6,2014-06-17,NE,0,42.52,-97.16
59647,2014,6,2014-06-17,NE,2,42.48,-97.06
59648,2014,6,2014-06-17,NE,2,42.5,-97.04
59649,2014,6,2014-06-17,SD,2,43.6,-97.06
59650,2014,6,2014-06-17,IA,0,43.27,-96.0
59651,2014,6,2014-06-18,IA,0,43.09,-95.33
59652,2014,6,2014-06-18,WI,0,43.16,-89.71
59653,2014,6,2014-06-18,SD,1,44.25,-99.37
59654,2014,6,2014-06-18,SD,0,44.18,-99.28
59655,2014,6,2014-06-18,SD,0,44.02,-98.94
59656,2014,6,2014-06-18,SD,1,44.05,-98.84
59657,2014,6,2014-06-18,SD,0,45.12,-99.0
59658,2014,6,2014-06-18,SD,0,44.43,-99.27
59659,2014,6,2014-06-18,SD,1,43.95,-98.78
59660,2014,6,2014-06-18,ND,0,45.99,-99.43
59661,2014,6,2014-06-18,SD,2,44.06,-98.8
59662,2014,6,2014-06-18,SD,2,44.07,-98.57
59663,2014,6,2014-06-18,SD,4,44.04,-98.4
59664,2014,6,2014-06-18,SD,2,44.03,-98.89
59665,2014,6,2014-06-18,PA,0,41.11,-79.3
59666,2014,6,2014-06-18,CO,0,40.38,-102.95
59667,2014,6,2014-06-18,CO,0,40.3,-103.07
59668,2014,6,2014-06-18,CO,0,40.23,-103.07
59669,2014,6,2014-06-18,MN,0,44.48,-95.75
59670,2014,6,2014-06-19,IA,0,43.15,-95.15
59671,2014,6,2014-06-19,SD,0,44.65,-102.09
59672,2014,6,2014-06-19,SD,0,44.56,-102.11
59673,2014,6,2014-06-19,SD,0,44.36,-101.47
59674,2014,6,2014-06-19,IA,1,42.45,-91.37
59675,2014,6,2014-06-19,MN,0,45.3,-95.74
59676,2014,6,2014-06-19,MN,0,45.28,-95.66
59677,2014,6,2014-06-19,MN,0,45.77,-95.71
59678,2014,6,2014-06-19,MN,0,45.32,-95.56
59679,2014,6,2014-06-19,MN,0,45.02,-95.56
59680,2014,6,2014-06-19,MN,0,44.93,-95.49
59681,2014,6,2014-06-20,MN,0,46.41,-95.61
59682,2014,6,2014-06-21,NM,0,35.04,-106.07
59683,2014,6,2014-06-21,CO,1,40.0,-104.64
59684,2014,6,2014-06-21,CO,0,39.8,-104.59
59685,2014,6,2014-06-21,CO,0,39.8,-104.42
59686,2014,6,2014-06-21,KS,0,38.07,-101.75
59687,2014,6,2014-06-21,SD,0,45.3,-100.89
59688,2014,6,2014-06-21,MN,1,47.63,-96.44
59689,2014,6,2014-06-22,OK,0,36.64,-100.27
59690,2014,6,2014-06-22,OK,1,36.63,-100.4
59691,2014,6,2014-06-22,OK,0,36.52,-100.4
59692,2014,6,2014-06-22,TX,0,36.42,-100.42
59693,2014,6,2014-06-22,CO,0,40.4,-104.12
59694,2014,6,2014-06-22,TX,0,36.32,-100.33
59695,2014,6,2014-06-22,TX,1,35.94,-100.56
59696,2014,6,2014-06-23,SC,0,32.43,-80.67
59697,2014,6,2014-06-23,IL,0,38.36,-88.44
59698,2014,6,2014-06-23,IL,0,38.37,-88.41
59699,2014,6,2014-06-23,OH,1,41.23,-81.83
59700,2014,6,2014-06-23,OK,0,34.87,-95.56
59701,2014,6,2014-06-24,IN,0,39.41,-86.73
59702,2014,6,2014-06-24,IN,1,39.5,-86.63
59703,2014,6,2014-06-24,IN,1,39.73,-86.35
59704,2014,6,2014-06-25,WI,0,42.74,-89.44
59705,2014,6,2014-06-25,TX,0,28.32,-97.28
59706,2014,6,2014-06-25,WY,1,44.57,-104.62
59707,2014,6,2014-06-26,TX,0,29.34,-94.96
59708,2014,6,2014-06-26,WY,0,44.05,-105.69
59709,2014,6,2014-06-27,TX,0,30.13,-94.93
59710,2014,6,2014-06-27,TX,0,30.35,-95.0
59711,2014,6,2014-06-27,LA,0,30.06,-92.83
59712,2014,6,2014-06-27,FL,0,26.55,-82.02
59713,2014,6,2014-06-27,WI,1,44.93,-91.77
59714,2014,6,2014-06-27,CO,0,38.57,-103.06
59715,2014,6,2014-06-27,KS,0,39.3,-101.54
59716,2014,6,2014-06-27,KS,0,39.29,-101.38
59717,2014,6,2014-06-28,TX,0,29.8,-95.48
59718,2014,6,2014-06-28,OK,0,36.43,-95.28
59719,2014,6,2014-06-29,KS,1,38.82,-100.56
59720,2014,6,2014-06-29,IA,0,42.3,-93.74
59721,2014,6,2014-06-29,IA,0,41.72,-95.51
59722,2014,6,2014-06-29,IA,1,42.35,-92.69
59723,2014,6,2014-06-29,IA,1,42.27,-93.09
59724,2014,6,2014-06-29,MO,0,39.56,-95.05
59725,2014,6,2014-06-29,KS,0,39.08,-95.69
59726,2014,6,2014-06-29,MO,1,40.35,-93.49
59727,2014,6,2014-06-29,WI,1,43.0,-90.64
59728,2014,6,2014-06-29,WI,2,43.01,-90.42
59729,2014,6,2014-06-29,WI,2,42.97,-90.22
59730,2014,6,2014-06-29,IA,0,42.09,-90.96
59731,2014,6,2014-06-29,WI,1,42.95,-89.38
59732,2014,6,2014-06-29,IL,1,41.96,-90.12
59733,2014,6,2014-06-29,MO,1,40.46,-92.52
59734,2014,6,2014-06-30,IA,1,41.46,-94.47
59735,2014,6,2014-06-30,IA,1,42.16,-93.26
59736,2014,6,2014-06-30,IA,1,41.4,-93.95
59737,2014,6,2014-06-30,IA,1,42.17,-93.14
59738,2014,6,2014-06-30,IA,1,41.4,-93.92
59739,2014,6,2014-06-30,IA,1,41.39,-93.74
59740,2014,6,2014-06-30,IA,2,42.21,-92.53
59741,2014,6,2014-06-30,IA,1,42.23,-91.91
59742,2014,6,2014-06-30,MO,0,40.44,-94.72
59743,2014,6,2014-06-30,CO,0,37.36,-102.66
59744,2014,6,2014-06-30,MO,1,40.38,-94.3
59745,2014,6,2014-06-30,MO,0,40.16,-93.99
59746,2014,6,2014-06-30,IL,1,41.59,-88.95
59747,2014,6,2014-06-30,MO,1,39.21,-94.37
59748,2014,6,2014-06-30,IL,1,41.48,-88.58
59749,2014,6,2014-06-30,IL,0,41.44,-88.47
59750,2014,6,2014-06-30,IL,1,41.63,-88.18
59751,2014,6,2014-06-30,IL,1,41.26,-87.78
59752,2014,6,2014-06-30,IL,1,41.25,-87.74
59753,2014,6,2014-06-30,IL,1,41.26,-87.72
59754,2014,6,2014-06-30,IL,1,41.2,-87.66
59755,2014,6,2014-06-30,IL,1,41.19,-87.64
59756,2014,6,2014-06-30,IL,1,41.27,-87.57
59757,2014,6,2014-06-30,IL,1,41.26,-87.55
59758,2014,6,2014-06-30,IN,1,41.19,-87.53
59759,2014,6,2014-06-30,IN,1,41.26,-87.49
59760,2014,6,2014-06-30,IN,1,41.25,-87.46
59761,2014,6,2014-06-30,IN,1,41.28,-87.47
59762,2014,6,2014-06-30,IN,1,41.19,-87.41
59763,2014,6,2014-06-30,IN,1,41.19,-87.28
59764,2014,6,2014-06-30,IN,1,41.22,-87.13
59765,2014,6,2014-06-30,IN,1,41.56,-86.86
59766,2014,6,2014-06-30,IN,1,41.48,-86.68
59767,2014,6,2014-06-30,IN,1,41.42,-86.64
59768,2014,6,2014-06-30,IN,1,41.42,-86.53
59769,2014,6,2014-06-30,IN,1,41.35,-86.44
59770,2014,6,2014-06-30,IN,1,41.36,-86.29
59771,2014,6,2014-06-30,IN,1,41.2,-85.92
59772,2014,6,2014-06-30,IN,0,41.41,-85.92
59773,2014,6,2014-06-30,IN,1,41.03,-85.9
59774,2014,6,2014-06-30,IN,1,41.05,-85.66
59775,2014,6,2014-06-30,IN,1,41.64,-85.44
59776,2014,7,2014-07-02,TX,0,33.1,-99.61
59777,2014,7,2014-07-03,NC,1,34.8,-78.01
59778,2014,7,2014-07-03,NC,1,35.96,-77.2
59779,2014,7,2014-07-03,NC,0,36.34,-76.98
59780,2014,7,2014-07-03,VA,0,36.88,-76.08
59781,2014,7,2014-07-03,VA,0,36.92,-76.27
59782,2014,7,2014-07-04,NH,0,43.59,-71.35
59783,2014,7,2014-07-06,FL,0,28.65,-80.84
59784,2014,7,2014-07-06,IA,0,42.32,-93.69
59785,2014,7,2014-07-06,IA,0,42.63,-92.88
59786,2014,7,2014-07-06,IA,1,42.33,-92.64
59787,2014,7,2014-07-06,MI,0,46.36,-88.18
59788,2014,7,2014-07-06,IA,0,42.3,-92.59
59789,2014,7,2014-07-06,IA,1,42.29,-92.55
59790,2014,7,2014-07-06,ND,0,48.03,-102.74
59791,2014,7,2014-07-06,IA,0,41.52,-94.27
59792,2014,7,2014-07-06,IA,0,41.82,-93.06
59793,2014,7,2014-07-06,IA,0,42.09,-92.25
59794,2014,7,2014-07-06,IA,0,41.72,-92.97
59795,2014,7,2014-07-06,MI,1,42.85,-85.7
59796,2014,7,2014-07-06,MI,0,42.94,-84.98
59797,2014,7,2014-07-06,MI,0,42.99,-84.91
59798,2014,7,2014-07-06,MI,0,43.02,-84.65
59799,2014,7,2014-07-07,KY,0,38.77,-84.93
59800,2014,7,2014-07-07,MN,0,44.81,-92.81
59801,2014,7,2014-07-08,OH,1,41.24,-82.0
59802,2014,7,2014-07-08,OH,1,41.27,-81.76
59803,2014,7,2014-07-08,OH,0,41.02,-80.83
59804,2014,7,2014-07-08,PA,1,41.2,-80.33
59805,2014,7,2014-07-08,WV,1,39.53,-80.06
59806,2014,7,2014-07-08,WV,1,39.37,-80.04
59807,2014,7,2014-07-08,PA,2,41.55,-76.48
59808,2014,7,2014-07-08,NY,1,43.2,-75.6
59809,2014,7,2014-07-08,NY,1,43.78,-75.58
59810,2014,7,2014-07-08,PA,0,41.23,-76.23
59811,2014,7,2014-07-08,NY,2,42.99,-75.64
59812,2014,7,2014-07-08,PA,1,41.75,-75.74
59813,2014,7,2014-07-08,NY,1,43.12,-75.22
59814,2014,7,2014-07-08,NY,0,43.69,-73.99
59815,2014,7,2014-07-10,VA,0,36.84,-75.98
59816,2014,7,2014-07-12,FL,0,27.24,-80.76
59817,2014,7,2014-07-12,CO,0,38.59,-104.48
59818,2014,7,2014-07-12,IL,0,41.26,-90.74
59819,2014,7,2014-07-12,IL,1,41.27,-90.67
59820,2014,7,2014-07-12,IL,1,41.24,-90.53
59821,2014,7,2014-07-12,IL,1,41.21,-90.43
59822,2014,7,2014-07-13,WY,0,41.14,-104.63
59823,2014,7,2014-07-13,NY,1,42.43,-76.93
59824,2014,7,2014-07-13,NE,0,41.11,-103.66
59825,2014,7,2014-07-13,WV,0,39.4,-78.19
59826,2014,7,2014-07-13,NY,1,41.85,-74.77
59827,2014,7,2014-07-14,CO,0,38.22,-102.5
59828,2014,7,2014-07-15,ME,1,44.91,-69.41
59829,2014,7,2014-07-16,TX,0,36.35,-102.05
59830,2014,7,2014-07-16,TX,0,36.31,-102.05
59831,2014,7,2014-07-16,TX,0,36.03,-102.08
59832,2014,7,2014-07-21,TX,0,29.38,-94.91
59833,2014,7,2014-07-21,ND,0,47.62,-98.59
59834,2014,7,2014-07-21,ND,0,47.78,-98.52
59835,2014,7,2014-07-21,ND,1,47.82,-97.57
59836,2014,7,2014-07-21,MN,2,47.7,-96.86
59837,2014,7,2014-07-23,MS,0,32.43,-90.03
59838,2014,7,2014-07-24,VA,1,37.29,-76.07
59839,2014,7,2014-07-24,NH,0,43.69,-71.31
59840,2014,7,2014-07-24,FL,0,28.46,-80.99
59841,2014,7,2014-07-24,MT,0,46.99,-104.27
59842,2014,7,2014-07-25,FL,1,28.98,-80.93
59843,2014,7,2014-07-27,CT,0,41.61,-72.98
59844,2014,7,2014-07-27,OH,0,40.12,-83.61
59845,2014,7,2014-07-27,KY,1,36.96,-83.35
59846,2014,7,2014-07-27,MA,1,42.45,-73.19
59847,2014,7,2014-07-27,ME,0,43.9,-70.59
59848,2014,7,2014-07-27,TN,1,36.46,-82.56
59849,2014,7,2014-07-27,TN,0,36.45,-82.55
59850,2014,7,2014-07-27,TN,3,36.47,-83.98
59851,2014,7,2014-07-27,WV,1,39.34,-81.14
59852,2014,7,2014-07-27,WI,0,43.95,-88.5
59853,2014,7,2014-07-27,OH,0,39.19,-83.66
59854,2014,7,2014-07-27,WV,1,39.12,-80.29
59855,2014,7,2014-07-28,MA,2,42.4,-71.02
59856,2014,7,2014-07-28,ME,1,43.66,-70.68
59857,2014,7,2014-07-28,CO,0,40.06,-104.8
59858,2014,7,2014-07-28,CO,0,39.83,-104.79
59859,2014,7,2014-07-31,NV,0,40.98,-116.38
59860,2014,7,2014-07-31,MT,0,48.48,-108.37
59861,2014,8,2014-08-04,NV,0,35.83,-114.87
59862,2014,8,2014-08-06,CO,0,39.76,-104.42
59863,2014,8,2014-08-09,KS,0,39.82,-101.88
59864,2014,8,2014-08-09,KS,0,39.68,-101.69
59865,2014,8,2014-08-09,SD,0,44.71,-96.48
59866,2014,8,2014-08-09,KS,0,39.62,-101.63
59867,2014,8,2014-08-11,WI,0,46.58,-90.92
59868,2014,8,2014-08-11,OH,0,40.15,-82.06
59869,2014,8,2014-08-12,OH,0,40.18,-82.63
59870,2014,8,2014-08-13,WA,0,46.32,-119.8
59871,2014,8,2014-08-15,FL,0,27.52,-80.36
59872,2014,8,2014-08-15,AZ,0,32.27,-110.0
59873,2014,8,2014-08-16,FL,0,26.42,-80.27
59874,2014,8,2014-08-17,KY,1,37.72,-87.52
59875,2014,8,2014-08-17,KY,0,37.3,-87.02
59876,2014,8,2014-08-17,IA,0,43.43,-94.62
59877,2014,8,2014-08-18,WI,0,44.23,-88.62
59878,2014,8,2014-08-20,MI,0,42.77,-82.84
59879,2014,8,2014-08-20,ID,0,43.9,-113.59
59880,2014,8,2014-08-21,MN,0,44.04,-94.92
59881,2014,8,2014-08-21,PA,0,41.09,-78.99
59882,2014,8,2014-08-21,PA,0,41.07,-79.01
59883,2014,8,2014-08-23,SD,0,45.18,-99.11
59884,2014,8,2014-08-23,SD,0,45.18,-99.13
59885,2014,8,2014-08-23,SD,1,45.48,-98.98
59886,2014,8,2014-08-24,MN,0,45.8,-93.98
59887,2014,8,2014-08-25,CO,0,38.37,-105.14
59888,2014,8,2014-08-28,KS,0,39.21,-98.92
59889,2014,8,2014-08-28,KS,1,38.72,-98.92
59890,2014,8,2014-08-28,SD,0,43.04,-97.38
59891,2014,8,2014-08-31,MA,0,42.24,-71.8
59892,2014,8,2014-08-31,IA,0,42.11,-94.68
59893,2014,8,2014-08-31,IA,1,42.31,-94.07
59894,2014,9,2014-09-01,MI,1,44.81,-85.02
59895,2014,9,2014-09-01,MI,1,44.76,-84.77
59896,2014,9,2014-09-01,MI,1,44.91,-84.51
59897,2014,9,2014-09-01,MI,0,45.23,-84.55
59898,2014,9,2014-09-01,OK,0,36.93,-95.1
59899,2014,9,2014-09-01,KS,0,37.12,-96.71
59900,2014,9,2014-09-01,KS,1,37.06,-96.52
59901,2014,9,2014-09-01,MO,1,38.43,-90.66
59902,2014,9,2014-09-01,MO,1,37.03,-94.45
59903,2014,9,2014-09-01,MO,1,37.03,-94.43
59904,2014,9,2014-09-01,MO,0,37.01,-94.12
59905,2014,9,2014-09-02,LA,1,32.15,-93.58
59906,2014,9,2014-09-02,NY,1,42.1,-76.71
59907,2014,9,2014-09-02,NY,1,42.14,-75.36
59908,2014,9,2014-09-04,ND,0,46.79,-98.09
59909,2014,9,2014-09-04,ND,1,46.65,-97.25
59910,2014,9,2014-09-04,MN,2,46.5,-96.27
59911,2014,9,2014-09-04,MN,1,46.49,-95.39
59912,2014,9,2014-09-06,LA,0,29.94,-92.76
59913,2014,9,2014-09-07,SC,0,33.43,-80.4
59914,2014,9,2014-09-08,NC,2,34.83,-77.9
59915,2014,9,2014-09-09,NE,1,40.62,-95.99
59916,2014,9,2014-09-09,MO,0,40.44,-95.45
59917,2014,9,2014-09-09,MO,0,40.2,-95.09
59918,2014,9,2014-09-09,MO,0,40.18,-95.12
59919,2014,9,2014-09-09,MO,0,40.19,-95.11
59920,2014,9,2014-09-09,MO,0,38.76,-90.59
59921,2014,9,2014-09-09,MO,0,39.99,-94.35
59922,2014,9,2014-09-10,MO,1,40.17,-92.74
59923,2014,9,2014-09-10,OH,0,41.17,-81.4
59924,2014,9,2014-09-10,OH,0,41.19,-81.38
59925,2014,9,2014-09-10,OH,0,41.2,-81.3
59926,2014,9,2014-09-10,OH,0,41.34,-81.19
59927,2014,9,2014-09-17,AR,0,35.99,-92.97
59928,2014,9,2014-09-19,MN,2,48.86,-97.02
59929,2014,9,2014-09-19,MN,1,48.7,-96.38
59930,2014,9,2014-09-20,NV,0,39.07,-116.51
59931,2014,9,2014-09-21,MI,1,42.7,-83.19
59932,2014,9,2014-09-27,AZ,0,34.47,-112.41
59933,2014,9,2014-09-29,NM,1,36.9,-106.81
59934,2014,9,2014-09-30,SD,0,45.89,-99.25
59935,2014,10,2014-10-02,AR,1,34.53,-92.12
59936,2014,10,2014-10-02,AR,1,34.63,-91.56
59937,2014,10,2014-10-02,AR,0,35.57,-90.9
59938,2014,10,2014-10-02,KY,1,36.83,-88.35
59939,2014,10,2014-10-03,KY,1,36.85,-87.59
59940,2014,10,2014-10-03,AL,0,34.69,-86.73
59941,2014,10,2014-10-03,AL,0,34.4,-86.15
59942,2014,10,2014-10-06,OK,1,35.25,-94.72
59943,2014,10,2014-10-06,KY,1,36.83,-85.4
59944,2014,10,2014-10-06,KY,1,36.84,-85.2
59945,2014,10,2014-10-06,GA,1,34.93,-85.12
59946,2014,10,2014-10-07,KY,1,38.46,-85.46
59947,2014,10,2014-10-07,KY,1,38.46,-84.69
59948,2014,10,2014-10-07,KY,1,38.28,-84.69
59949,2014,10,2014-10-07,KY,1,38.29,-84.63
59950,2014,10,2014-10-07,KY,1,38.38,-84.36
59951,2014,10,2014-10-07,KY,1,38.2,-84.26
59952,2014,10,2014-10-07,KY,1,38.21,-83.94
59953,2014,10,2014-10-07,KY,1,38.07,-83.66
59954,2014,10,2014-10-07,IN,0,39.5,-86.77
59955,2014,10,2014-10-07,WV,2,37.6,-81.2
59956,2014,10,2014-10-07,KY,1,37.61,-82.59
59957,2014,10,2014-10-07,WV,1,37.45,-81.22
59958,2014,10,2014-10-09,TX,1,35.42,-101.05
59959,2014,10,2014-10-10,TN,1,35.86,-87.39
59960,2014,10,2014-10-13,TX,1,32.77,-95.05
59961,2014,10,2014-10-13,AR,1,34.58,-94.39
59962,2014,10,2014-10-13,AR,1,36.18,-93.88
59963,2014,10,2014-10-13,AR,2,33.66,-94.23
59964,2014,10,2014-10-13,AR,0,33.73,-94.23
59965,2014,10,2014-10-13,MO,1,36.5,-93.39
59966,2014,10,2014-10-13,MO,0,37.16,-93.68
59967,2014,10,2014-10-13,MO,0,37.35,-93.61
59968,2014,10,2014-10-13,AR,1,34.04,-92.96
59969,2014,10,2014-10-13,LA,1,31.98,-93.7
59970,2014,10,2014-10-13,AR,1,34.54,-92.01
59971,2014,10,2014-10-13,LA,1,32.44,-92.28
59972,2014,10,2014-10-13,LA,2,32.49,-92.24
59973,2014,10,2014-10-13,AR,0,36.44,-90.4
59974,2014,10,2014-10-13,IL,0,38.13,-90.01
59975,2014,10,2014-10-13,IL,1,38.47,-89.93
59976,2014,10,2014-10-13,MO,1,36.95,-90.11
59977,2014,10,2014-10-13,IL,1,38.54,-89.72
59978,2014,10,2014-10-13,MO,1,37.12,-90.04
59979,2014,10,2014-10-13,MO,1,37.24,-89.94
59980,2014,10,2014-10-13,IL,2,39.63,-88.96
59981,2014,10,2014-10-13,IL,1,38.44,-88.92
59982,2014,10,2014-10-13,IL,1,38.37,-88.76
59983,2014,10,2014-10-13,IL,1,39.82,-88.88
59984,2014,10,2014-10-13,FL,0,30.29,-85.18
59985,2014,10,2014-10-13,IL,0,40.02,-88.77
59986,2014,10,2014-10-13,AL,0,34.21,-88.11
59987,2014,10,2014-10-13,IN,1,38.1,-87.91
59988,2014,10,2014-10-13,TN,1,36.5,-87.3
59989,2014,10,2014-10-13,AL,0,34.01,-88.0
59990,2014,10,2014-10-13,FL,0,29.89,-84.91
59991,2014,10,2014-10-13,AL,1,34.73,-87.7
59992,2014,10,2014-10-13,FL,0,30.01,-84.91
59993,2014,10,2014-10-13,FL,0,30.02,-84.98
59994,2014,10,2014-10-13,FL,0,30.14,-84.91
59995,2014,10,2014-10-14,FL,0,30.78,-85.36
59996,2014,10,2014-10-14,GA,1,32.8,-84.71
59997,2014,10,2014-10-14,GA,0,33.66,-84.51
59998,2014,10,2014-10-14,GA,0,33.68,-84.47
59999,2014,10,2014-10-14,GA,0,33.84,-84.44
60000,2014,10,2014-10-14,GA,1,33.98,-84.39
60001,2014,10,2014-10-14,GA,1,34.07,-84.33
60002,2014,10,2014-10-14,SC,0,34.68,-83.21
60003,2014,10,2014-10-14,SC,0,35.12,-82.24
60004,2014,10,2014-10-14,NC,0,35.55,-82.07
60005,2014,10,2014-10-15,VA,0,38.78,-77.06
60006,2014,10,2014-10-15,MD,0,39.13,-76.83
60007,2014,10,2014-10-23,WA,1,46.13,-122.95
60008,2014,11,2014-11-16,LA,0,30.4,-90.92
60009,2014,11,2014-11-16,LA,1,30.56,-90.74
60010,2014,11,2014-11-16,MS,1,31.68,-88.99
60011,2014,11,2014-11-17,AL,1,32.7,-87.47
60012,2014,11,2014-11-17,AL,1,31.44,-88.15
60013,2014,11,2014-11-17,FL,0,30.3,-85.92
60014,2014,11,2014-11-17,AL,1,31.61,-86.75
60015,2014,11,2014-11-17,FL,2,30.4,-85.07
60016,2014,11,2014-11-17,AL,1,31.74,-86.43
60017,2014,11,2014-11-17,FL,0,30.7,-85.02
60018,2014,11,2014-11-17,AL,1,32.2,-85.06
60019,2014,11,2014-11-17,GA,1,32.56,-83.37
60020,2014,11,2014-11-17,FL,0,30.14,-82.28
60021,2014,11,2014-11-23,AL,0,32.64,-87.84
60022,2014,11,2014-11-23,AL,1,31.96,-85.09
60023,2014,11,2014-11-23,GA,1,32.03,-84.81
60024,2014,11,2014-11-23,GA,1,32.3,-84.79
60025,2014,11,2014-11-23,GA,0,32.62,-84.55
60026,2014,11,2014-11-23,GA,0,32.89,-84.35
60027,2014,11,2014-11-23,GA,1,32.88,-84.02
60028,2014,11,2014-11-23,GA,0,33.07,-84.21
60029,2014,11,2014-11-23,GA,1,33.15,-84.11
60030,2014,11,2014-11-23,GA,1,32.32,-83.63
60031,2014,12,2014-12-12,CA,0,33.98,-118.29
60032,2014,12,2014-12-14,OK,0,35.62,-97.38
60033,2014,12,2014-12-14,KS,0,37.29,-98.01
60034,2014,12,2014-12-15,MS,0,31.83,-89.62
60035,2014,12,2014-12-15,MS,0,32.37,-90.73
60036,2014,12,2014-12-15,MS,0,31.09,-90.02
60037,2014,12,2014-12-23,GA,0,30.77,-83.33
60038,2014,12,2014-12-23,LA,2,30.73,-90.48
60039,2014,12,2014-12-23,MS,3,31.23,-89.83
60040,2014,12,2014-12-23,MS,0,31.41,-89.55
60041,2014,12,2014-12-23,MS,0,31.42,-89.54
60042,2014,12,2014-12-23,MS,2,31.7,-89.22
60043,2014,12,2014-12-23,MS,0,32.0,-88.49
60044,2014,12,2014-12-24,NC,1,34.31,-77.92
60045,2014,12,2014-12-24,GA,1,31.41,-82.25
60046,2014,12,2014-12-24,OH,0,39.73,-82.63
60047,2014,12,2014-12-27,TX,0,30.39,-94.78
60048,2014,12,2014-12-27,TX,1,30.68,-94.26
60049,2014,12,2014-12-27,TX,1,30.86,-93.98
60050,2014,12,2014-12-29,GA,2,30.82,-83.28
60051,2015,1,2015-01-03,MS,0,31.43,-89.96
60052,2015,1,2015-01-03,MS,1,31.68,-89.68
60053,2015,1,2015-01-03,MS,1,31.7,-89.65
60054,2015,1,2015-01-03,MS,2,32.13,-89.07
60055,2015,1,2015-01-03,MS,1,32.27,-88.93
60056,2015,1,2015-01-03,MS,1,32.47,-88.74
60057,2015,1,2015-01-03,AL,0,32.43,-88.37
60058,2015,1,2015-01-03,MS,1,32.49,-88.48
60059,2015,1,2015-01-03,AL,1,32.81,-88.29
60060,2015,1,2015-01-03,AL,0,31.66,-87.17
60061,2015,1,2015-01-03,MS,0,33.73,-88.29
60062,2015,1,2015-01-03,AL,1,32.96,-88.13
60063,2015,1,2015-01-03,AL,0,33.12,-87.84
60064,2015,1,2015-01-03,AL,0,34.18,-87.95
60065,2015,1,2015-01-04,AL,2,31.57,-86.38
60066,2015,1,2015-01-04,AL,0,31.3,-85.56
60067,2015,1,2015-01-04,AL,0,31.32,-85.5
60068,2015,1,2015-01-04,AL,0,31.52,-85.09
60069,2015,1,2015-01-04,GA,1,31.35,-83.62
60070,2015,1,2015-01-04,GA,0,32.12,-83.5
60071,2015,1,2015-01-04,GA,0,32.17,-83.36
60072,2015,1,2015-01-04,GA,1,31.42,-83.39
60073,2015,1,2015-01-04,GA,1,32.22,-83.24
60074,2015,1,2015-01-04,GA,1,31.53,-82.43
60075,2015,1,2015-01-04,GA,1,32.04,-81.23
60076,2015,1,2015-01-18,WA,1,47.33,-122.59
60077,2015,1,2015-01-24,FL,0,26.99,-82.29
60078,2015,1,2015-01-24,FL,0,27.01,-82.26
60079,2015,2,2015-02-05,FL,1,26.38,-80.15
60080,2015,2,2015-02-05,FL,0,26.39,-80.14
60081,2015,2,2015-02-23,CA,0,35.48,-119.79
60082,2015,3,2015-03-24,AR,0,36.46,-92.85
60083,2015,3,2015-03-25,OK,2,36.18,-96.3
60084,2015,3,2015-03-25,AR,1,36.26,-93.83
60085,2015,3,2015-03-25,AR,0,36.27,-93.77
60086,2015,3,2015-03-25,OK,0,36.17,-95.88
60087,2015,3,2015-03-25,MO,0,37.03,-91.82
60088,2015,3,2015-03-25,OK,0,35.46,-97.83
60089,2015,3,2015-03-25,OK,0,35.48,-97.64
60090,2015,3,2015-03-25,OK,2,35.35,-97.57
60091,2015,3,2015-03-25,OK,0,36.12,-95.39
60092,2015,3,2015-03-25,OK,0,36.12,-94.66
60093,2015,4,2015-04-02,CO,0,38.82,-102.8
60094,2015,4,2015-04-02,KS,0,37.32,-95.34
60095,2015,4,2015-04-02,KS,0,37.23,-95.23
60096,2015,4,2015-04-02,KS,0,37.19,-95.03
60097,2015,4,2015-04-02,KS,0,37.16,-95.41
60098,2015,4,2015-04-02,OH,0,39.98,-84.04
60099,2015,4,2015-04-02,MO,0,37.36,-94.17
60100,2015,4,2015-04-02,MO,0,37.12,-94.42
60101,2015,4,2015-04-02,OK,1,36.7,-95.1
60102,2015,4,2015-04-02,MO,1,36.53,-94.18
60103,2015,4,2015-04-02,MO,1,36.97,-92.3
60104,2015,4,2015-04-02,AR,1,36.35,-93.25
60105,2015,4,2015-04-02,MO,2,36.91,-91.93
60106,2015,4,2015-04-03,KS,0,37.04,-95.14
60107,2015,4,2015-04-03,TN,0,35.92,-87.04
60108,2015,4,2015-04-03,AL,0,34.46,-86.02
60109,2015,4,2015-04-03,AL,1,34.74,-85.62
60110,2015,4,2015-04-03,GA,1,34.73,-85.54
60111,2015,4,2015-04-07,IN,1,38.16,-87.58
60112,2015,4,2015-04-07,IN,1,38.04,-87.17
60113,2015,4,2015-04-07,IN,1,38.08,-87.09
